fecha,base_monetaria_amplia,base_monetaria_restringida,pasivos_por_encaje_legal_en_me,otros_depositos_a_corto_plazo,otros_valores_a_corto_plazo,credito_total,credito_en_mn,credito_en_me,depositos_totales,depositos_en_mn,depositos_en_me,agregado_monetario_m1,billetes_y_monedas_en_poder_del_publico,depositos_transferibles_en_mn,agregado_monetario_m3,agregado_monetario_m2,cuasidinero_en_me,titulos_emitidos_por_el_banco_central_total,titulos_emitidos_por_el_banco_central_en_mn,titulos_emitidos_por_el_banco_central_en_me,cafe_valor_exportado,cafe_volumen_exportado,cafe_precio_promedio_de_exportacion,banano_valor_exportado,banano_volumen_exportado,banano_precio_promedio_de_exportacion,azucar_valor_exportado,azucar_volumen_exportado,azucar_precio_promedio_de_exportacion,exportaciones_totales,exportaciones_de_bienes_para_la_elaboracion,exportaciones_de_mercancias_generales,hidrocarburos_valor_importado,hidrocarburos_volumen_importado,hidrocarburos_precio_promedio_de_importacion,importaciones_totales,importaciones_de_bienes_para_la_elaboracion,importaciones_de_mercancias_generales,remesas_ingreso,remesas_egreso,remesas_neto,remesas_ingreso_acumulado,remesas_egreso_acumulado,remesas_neto_acumulado,rin_del_banco_central,mercado_primario,mercado_secundario_total,mercado_de_reportos,expectativas_de_inflacion,ipc_general,ipc_variacion_mensual,ipc_variacion_interanual,ipc_variacion_acumulada_con_diciembre_anterior,isi,isi_variacion_interanual,isi_variacion_acumulada,deuda_externa,deuda_externa_gc,deuda_interna_bruta,deuda_interna_gc,deuda_interna_bc,ingresos_totales_gc,gastos_totales_gc,encaje_efectivo_en_mn,tasa_de_politica_monetaria,tasa_de_interes_activa_nominal_en_mn,tasa_de_interes_pasiva_nominal_en_mn,tasa_de_interes_activa_real_en_mn,tasa_de_interes_pasiva_real_en_mn,itcer_con_usa,itcer_global,itcer_con_la_region_capard,itcer_con_el_resto_del_mundo,itcer_con_usa_variacion_interanual,itcer_global_variacion_interanual,itcer_con_la_region_capard_variacion_interanual,itcer_con_el_resto_del_mundo_variacion_interanual,itcer_con_usa_variacion_con_el_ano_base,itcer_global_variacion_con_el_ano_base,itcer_con_la_region_capard_variacion_con_el_ano_base,itcer_con_el_resto_del_mundo_variacion_con_el_ano_base,tipo_de_cambio_de_compra_promedio_del_mes,tipo_de_cambio_de_venta_promedio_del_mes,tipo_de_cambio_de_compra_fin_de_mes,tipo_de_cambio_de_venta_fin_de_mes,imae,imae_variacion_interanual,imae_variacion_acumulada
2010-01-01,42990,30836,2822,168,9051,142362,94635,47727,120434,81502,38931,50068,17497,32570.83,143200,103143,40057,17748,17597,151,57.16,447.46,127.74,31.93,124.33,256.82,71.88,187806.18,0.38,671.2,220,451.2,118.47,1270.79,93.23,924.3,180.5,743.8,246.13,1.12,245.01,246.13,1.12,245.01,5526.17,14109.41,7846.22,3590.87,3.34,96.11,1.29,1.43,1.29,97.34,1.58,0.32,5257.87,5120.49,47560.13,30437.83,17122.3,3316.6,2933.7,14.78,4.5,13.52,5.62,11.92,4.13,72.92,77.98,81.52,76.87,7.76,10.12,7.03,11.02,-27.08,-22.02,-18.48,-23.13,8.36,8.38,8.31,8.33,88.41,2.06,2.06
2010-02-01,41592,30690,2842,168,7775,140800,94543,46257,120034,80592,39442,48774,17398,31375.06,142732,102173,40559,17556,17403,153,73.36,574.9,127.6,25.34,100.85,251.26,46.15,98677.48,0.47,622.2,214.8,407.4,133.29,1618.62,82.35,989.9,197.7,792.2,274.51,1.09,273.42,520.64,2.21,518.43,5565.46,9438.37,10226.27,10174.69,3.97,96.53,0.44,2.48,1.73,97.55,1.97,0.53,5240.21,5103.38,47853.8,30401.8,17452,2380.8,3124.3,14.77,4.5,13.5,5.62,10.75,3.06,70.7,75.55,79.61,74.29,2.23,5.77,2.7,6.66,-29.3,-24.45,-20.39,-25.71,8.14,8.16,8.11,8.18,87.08,2.53,2.29
2010-03-01,42653,31764,2879,168,7724,141090,95432,45658,120093,81201,38892,49667,18044,31622.77,143490,103472,40019,18455,18300,155,92.13,692.5,133.05,32.82,139.73,234.88,146.56,357643.46,0.41,862.5,273.1,589.4,122.21,1282.84,95.26,1142.8,229.7,913.1,369.95,1.38,368.57,890.6,3.59,887.01,5547.33,10082.91,15535.76,15421.81,5.39,97.64,1.15,3.93,2.9,98.12,2.39,1.12,5228.29,5093.14,48032,30370.8,17661.2,3125.8,4048.7,14.78,4.5,13.48,5.62,9.19,1.63,69.1,74.21,78.17,72.98,-2.21,1.75,-1.15,2.58,-30.9,-25.79,-21.83,-27.02,8.01,8.04,7.96,8,94.13,4.4,3.02
2010-04-01,42374,30885,2885,168,8314,140257,95744,44513,119787,81251,38536,48370,17303,31067.48,142392,102719,39672,19005,18847,158,83.55,610.47,136.86,35.7,131.47,271.54,79.73,208540.34,0.38,706.3,221.8,484.5,190.34,1989.27,95.69,1168.1,188.6,979.5,344.41,1.49,342.92,1235,5.08,1229.92,5601.6,8336.52,12065.87,12048,5.04,97.55,-0.09,3.75,2.81,98.22,2.66,1.23,5287.92,5153.5,48455.1,29880.3,18574.8,3712.7,3110.3,14.84,4.5,13.42,5.58,9.32,1.76,69.14,74.49,78.68,73.18,-2.52,0.46,-0.7,0.74,-30.86,-25.51,-21.32,-26.82,7.99,8.02,8,8.03,89.66,2.15,2.8
2010-05-01,42835,29627,3626,168,9293,141945,97741,44204,120609,82457,38152,48626,17123,31503.19,142759,103466,39294,20753,20596,157,86.37,625.35,138.11,27.63,105.23,262.57,87.92,220101.39,0.4,747.9,240.5,507.4,153.2,1733.22,88.39,1130.9,230,900.9,357.02,1.73,355.29,1592.02,6.81,1585.21,5675.55,8696.7,10050.7,10050.7,5.36,97.45,-0.1,3.51,2.7,98.14,2.57,1.14,5275.03,5141.36,48878.3,29695.1,19183.2,2427.6,4524,14.74,4.5,13.36,5.53,9.52,1.95,69.22,73.68,78.46,72.21,-2.66,-1.53,-0.8,-1.85,-30.78,-26.32,-21.54,-27.79,7.99,8.01,7.99,8.02,88.28,3.02,2.84
2010-06-01,41209,30733,3831,168,6354,141521,97412,44109,121847,82971,38876,48480,17127,31352.99,144039,104006,40033,17312,17149,163,75.13,533.39,140.85,21.98,81.11,270.99,66.82,161350.4,0.41,748.2,259.8,488.4,118.57,1356.73,87.39,1170.7,230.6,940.1,394.29,1.25,393.04,1986.31,8.06,1978.25,5847.64,10267.26,13011.74,12955.69,4.81,97.94,0.5,4.07,3.22,98.5,2.42,1.52,5419.78,5286.36,48833.5,32410,16423.5,2575.8,3126.9,14.81,4.5,13.36,5.5,8.93,1.38,68.89,73.24,78.19,71.71,-4.34,-3.22,-1.72,-3.77,-31.11,-26.76,-21.81,-28.29,8,8.02,8.02,8.05,87.48,4.26,3.07
2010-07-01,41129,30957,3620,198,6228,142034,98253,43781,123147,84073,39074,48977,17447,31529.64,145382,105155,40227,17716,17551,165,64.02,449.49,142.44,28.7,103.83,276.41,31.13,74553.1,0.42,685.5,239.7,445.8,137.87,1558.72,88.45,1240.4,254.7,985.7,384.61,1.52,383.09,2370.92,9.58,2361.34,5732.03,8517.86,14723.96,14690.39,4.89,98.3,0.37,4.12,3.6,98.68,2.42,1.7,5423.6,5289.4,50460.6,33832,16628.6,3994.6,4737,14.82,4.5,13.29,5.44,8.81,1.27,68.61,73.39,78.44,71.83,-4.82,-3.3,-1.63,-3.9,-31.39,-26.61,-21.56,-28.17,7.99,8.02,7.99,8.03,87.98,1.07,2.79
2010-08-01,40523,30580,3391,198,6228,144179,99784,44395,124172,85186,38986,48840,17064,31776.38,146061,105910,40151,18117,17949,168,48.7,336.6,144.68,28.95,98.1,295.11,42.54,89669.04,0.47,625.9,241.1,384.8,150.84,1659.43,90.9,1189.7,230.9,958.8,377.36,0.95,376.41,2748.28,10.53,2737.75,5681.88,8612.89,13251.25,13209.8,5.35,98.35,0.05,4.1,3.65,98.8,2.6,1.82,5405.83,5271.69,50599.4,34298.2,16301.2,2806.3,4417.1,14.81,4.5,13.27,5.42,8.81,1.27,68.73,73.79,78.81,72.24,-5.77,-4.37,-2.05,-5.17,-31.27,-26.21,-21.19,-27.76,8,8.03,8.03,8.07,87.31,1.68,2.65
2010-09-01,41164,31108,3504,198,6228,144870,99855,45015,124472,85403,39069,48820,17025,31794.91,146372,106129,40243,17356,17186,170,40.49,309.37,130.87,35.71,127.91,279.18,8.98,18802.1,0.48,607.9,240.8,367.1,101.97,1127.41,90.45,1132.2,228.2,904,359.31,1.32,357.99,3107.59,11.85,3095.74,5659.22,7775.19,16705.42,16569.76,5.89,98.63,0.28,3.76,3.95,99,2.54,2.03,5412.36,5277.32,51646.7,35098.2,16548.5,2631.1,3547.2,14.75,4.5,13.27,5.42,9.17,1.6,69.14,74.53,79.48,73,-5.3,-3.61,-1.21,-4.42,-30.86,-25.47,-20.52,-27,8.07,8.08,8.12,8.09,86.92,2.68,2.65
2010-10-01,41108,31887,3282,198,5617,145854,99788,46066,125711,85500,40211,49538,17852,31686.93,148461,107077,41384,16667,16500,167,16.37,111.25,147.14,30.76,104.2,295.2,20.22,43037.96,0.47,652,261.4,390.6,145.62,1471.74,98.94,1199,215.1,983.9,339.37,1.35,338.03,3446.97,13.2,3433.77,5650.53,5687.9,11893.31,11881.08,5.96,99.15,0.53,4.51,4.49,99.36,2.81,2.4,5438.06,5301.91,51094.6,35098.2,15996.4,3824.5,4156.2,14.77,4.5,13.21,5.41,8.33,0.87,68.68,74.92,79.4,73.53,-6.57,-4.24,-1.88,-5.03,-31.32,-25.08,-20.6,-26.47,8.04,8.07,8,8.04,88.77,1.88,2.57
2010-11-01,41300,31317,2957,198,6703,148460,102118,46342,126561,87042,39520,50941,17951,32990.15,149427,108737,40690,18066,17896,170,20.55,140.2,146.6,26.2,88.91,294.72,8.77,17046.61,0.51,642.7,264.8,377.9,135.13,1346,100.39,1270.3,251.2,1019.1,331.38,1.17,330.21,3778.35,14.37,3763.98,5594.93,6810.36,17811.24,17662.65,5.95,99.92,0.78,5.26,5.31,99.51,2.76,2.56,5445.4,5311.82,51975.6,35098.2,16877.4,2823.6,4505.3,14.79,4.5,13.21,5.4,7.55,0.13,67.73,73.97,78.71,72.51,-7.4,-5.36,-3.14,-6.12,-32.27,-26.03,-21.29,-27.49,7.99,8.02,7.96,7.99,91.54,3.88,2.7
2010-12-01,44922,34115,3630,198,6847,151447,102703,48744,130472,90116,40355,54557,19736,34820.75,155044,113524,41521,17732,17567,165,47.74,278.11,171.66,23.89,79.53,300.39,114.35,264628.09,0.43,893.3,310.9,582.4,226.42,2135.28,106.04,1278,226.7,1051.3,348.43,1.09,347.34,4126.78,15.46,4111.33,5953.83,6928.78,14614.5,14561.45,5.71,100,0.08,5.39,5.39,100,3.06,3.06,5562,5426.95,53637.65,36769.15,16868.5,3388.2,6154.7,14.91,4.5,13.25,5.34,7.46,-0.05,67.52,73.61,78.67,72.05,-7.8,-6.14,-3.49,-7.03,-32.48,-26.39,-21.33,-27.95,7.96,7.99,8,8.03,98.78,3.91,2.81
2011-01-01,45331,34939,2861,198,7202,151903,103065,48838,130694,90137,40557,53539,19147,34392.35,154699,112962,41738,18241,18075,166,74.9,410.9,182.28,26.21,84.05,311.85,61.65,128104.15,0.48,765.2,249.2,516,171.91,1587.22,108.31,1191.9,254,937.9,283.35,1.24,282.11,283.35,1.24,282.11,5910.07,8831.18,12682.59,12682.56,5.99,100.82,0.82,4.9,0.82,100.69,3.44,0.69,5548.76,5413.68,53937.3,36949.8,16987.5,3537.69,3032.31,14.8,4.5,13.28,5.35,7.99,0.43,67.13,72.86,78.03,71.27,-7.94,-6.56,-4.28,-7.28,-32.87,-27.14,-21.97,-28.73,7.94,7.96,7.84,7.87,92.14,4.21,4.21
2011-02-01,44741,33551,2952,198,7904,153881,103996,49886,131119,90024,41094,53267,19183,34083.31,155132,112915,42217,18826,18689,137,110.75,613.97,180.38,31.88,100.34,317.72,138.34,237948.08,0.58,901.1,276.2,624.9,155.64,1351.85,115.13,1181.4,228.6,952.8,304.62,1.12,303.51,587.97,2.35,585.62,6042.47,7621.2,10784.28,10676.72,5.5,101.58,0.75,5.23,1.58,101.23,3.78,1.23,5539.68,5405.85,56680.8,38896,17784.8,2664.12,3744.13,14.83,4.5,13.37,5.33,7.73,0.09,65.72,71.52,76.43,70,-7.05,-5.34,-3.99,-5.77,-34.28,-28.48,-23.57,-30,7.79,7.82,7.75,7.78,91.27,4.81,4.51
2011-03-01,47249,34093,3483,208,9327,155390,106051,49339,132647,91220,41428,53649,19291,34358.27,156848,114315,42534,19684,19546,138,147.23,765,192.46,42.16,127.94,329.53,87.05,203854.32,0.43,1051.8,347.9,703.9,220.99,1698.59,130.1,1481.4,278.5,1202.9,384.12,1.57,382.55,972.09,3.93,968.16,6191.01,13003.76,8592.46,8515.5,6.24,102.52,0.93,5,2.52,101.88,3.84,1.88,5522.45,5389.05,58653.8,39749.9,18903.9,4447.58,4273.25,14.78,4.75,13.37,5.3,7.97,0.29,64.89,70.63,75.24,69.21,-6.1,-4.82,-3.75,-5.16,-35.11,-29.37,-24.76,-30.79,7.69,7.72,7.64,7.68,96.96,3,3.98
2011-04-01,47221,34006,3210,211,9657,156108,106697,49411,133056,92151,40905,54277,19497,34780.06,157384,115350,42034,20811,20030,781,145.43,787.33,184.71,40.97,125.01,327.74,72.08,175268.55,0.41,936.1,322.1,614,188.58,1338.24,140.91,1397,274.5,1122.5,371.29,1.45,369.83,1343.38,5.38,1338,6393.12,10968.65,10574.88,10563.3,6.07,103.17,0.63,5.76,3.17,102.3,4.15,2.3,5518.8,5384.3,57925.6,40139.5,17786.1,4061.36,4164.11,14.81,4.75,13.44,5.27,7.26,-0.46,64.15,70.39,75.06,68.95,-7.21,-5.5,-4.61,-5.79,-35.85,-29.61,-24.94,-31.05,7.6,7.63,7.56,7.59,93.59,4.38,4.08
2011-05-01,45321,33572,3028,216,8367,158242,106166,52076,133563,92259,41304,53121,18671,34450.02,157143,114697,42446,21149,18957,2192,158.85,812.91,195.41,42.93,128.5,334.05,32.93,58905.29,0.56,889.9,290.8,599.1,255.44,1859.05,137.4,1536.3,317.8,1218.5,415.32,1.63,413.7,1758.7,7.01,1751.69,6421.08,12145.22,13529.35,13078.33,5.96,103.68,0.49,6.39,3.68,102.61,4.56,2.61,5537.6,5404.1,61005.1,40307.2,20697.9,2926.72,4921.46,14.79,4.75,13.37,5.28,6.56,-1.05,64.53,70.69,75.46,69.21,-6.77,-4.07,-3.83,-4.15,-35.47,-29.31,-24.54,-30.79,7.65,7.67,7.77,7.79,92.2,4.44,4.15
2011-06-01,45578,34540,3015,226,7661,160691,107404,53287,135295,94005,41290,54043,18789,35254.45,159056,116611,42445,20506,18320,2186,139.59,803.96,173.62,42.57,130.38,326.49,18.05,31220.12,0.58,875.4,300.6,574.8,157.13,1206.24,130.26,1460.9,280.9,1180,416.39,1.64,414.75,2175.09,8.65,2166.44,6382.54,35917.33,12998.62,12498.8,6.38,104.23,0.53,6.42,4.23,103.13,4.7,3.13,5530.85,5399.52,61364,41692.1,19671.9,3266.55,3870.77,14.7,4.75,13.39,5.26,6.55,-1.09,65.08,71.36,76.31,69.84,-5.53,-2.56,-2.4,-2.61,-34.92,-28.64,-23.69,-30.16,7.76,7.8,7.76,7.8,91.59,4.7,4.24
2011-07-01,45796,35463,2758,226,7213,161677,107600,54076,135288,94340,40948,54185,19041,35144.39,159316,117224,42092,19918,17725,2193,95.7,538.57,177.7,34.84,107.06,325.4,23.13,36723.3,0.63,823.9,310,513.9,176.29,1321.87,133.37,1328.4,236.1,1092.3,349.83,1.72,348.11,2524.92,10.37,2514.55,6333.81,30570.28,11585.55,11555.73,5.96,105.22,0.95,7.04,5.22,103.79,5.18,3.79,5522.8,5390.9,63005.5,42169.3,20836.2,4345.28,4913.72,14.71,5,13.37,5.24,5.91,-1.68,64.36,70.79,75.68,69.29,-6.2,-3.54,-3.52,-3.54,-35.64,-29.21,-24.32,-30.71,7.74,7.77,7.76,7.79,92.6,5.25,4.38
2011-08-01,45663,34373,3513,226,7416,163178,108700,54478,136668,95149,41519,53536,18435,35101.24,160151,117468,42683,20090,17885,2205,81.3,459.11,177.08,45.28,142.87,316.96,13.03,22939,0.57,851.7,344.5,507.2,222.71,1751.41,127.16,1503.4,283.4,1220,409.56,0.9,408.66,2934.48,11.27,2923.21,6398.56,24134.5,15133.41,14737.86,6.33,105.85,0.6,7.63,5.85,104.13,5.4,4.13,5498.4,5366.5,62593.1,43102.4,19490.7,3094.52,4381.49,14.69,5,13.45,5.25,5.41,-2.21,64.73,70.87,76.11,69.26,-5.81,-3.96,-3.43,-4.13,-35.27,-29.13,-23.89,-30.74,7.81,7.84,7.83,7.85,92.57,6.02,4.59
2011-09-01,45512,34004,3269,226,7875,166338,109729,56609,135668,94837,40830,52949,18488,34461.55,159191,117189,42003,20363,18140,2223,89.88,486.69,184.67,52.46,165.2,317.58,10.42,18454.26,0.56,818.5,333.9,484.6,165.21,1285.11,128.56,1418.5,268.7,1149.8,364.78,1.3,363.49,3299.26,12.56,3286.7,6303,34874.67,19194.11,19058.91,6.69,105.78,-0.07,7.25,5.78,104.33,5.38,4.33,5475.1,5345.6,64640.4,44194.1,20446.3,3157.83,4049.88,14.7,5.5,13.51,5.24,5.84,-1.87,65.08,70.34,76.15,68.57,-5.87,-5.62,-4.19,-6.07,-34.92,-29.66,-23.85,-31.43,7.84,7.86,7.86,7.9,92.08,5.93,4.73
2011-10-01,44966,33137,3109,226,8363,168926,111570,57356,136510,95461,41049,53649,18720,31686.93,160277,118062,42215,20311,18771,1540,38.04,197.06,193.05,40.25,129.72,310.32,7.33,13202.71,0.55,732.4,329.3,403.1,163.65,1310.85,124.84,1400.7,251.9,1148.8,356.8,1.26,355.55,3656.06,13.82,3642.25,6574,23072.76,23721.09,23706.6,6.69,105.74,-0.04,6.65,5.74,104.6,5.27,4.6,5736.94,5607.6,65288.3,45584.9,19703.4,4379.48,4300.92,14.7,5.5,13.53,5.24,6.45,-1.32,64.89,69.93,75.97,68.09,-5.52,-6.66,-4.32,-7.39,-35.11,-30.07,-24.03,-31.91,7.83,7.86,7.81,7.85,91.86,3.47,4.61
2011-11-01,44444,33381,3097,226,7598,168331,112266,56065,138667,97005,41662,54818,18715,36103.83,162428,119644,42784,17915,17772,143,27.74,148.77,186.49,37.61,123.24,305.15,26.91,50957.87,0.53,790,350.5,439.5,156.18,1240.11,125.94,1412.2,244.1,1168.1,343.5,1.39,342.11,3999.56,15.21,3984.35,6037.62,7066.97,33062.55,32988.76,6.85,105.97,0.22,6.05,5.97,104.95,5.46,4.95,5402.6,5274.24,61913.8,46302.3,15611.5,3208.51,3941.14,14.69,5.5,13.55,5.25,7.07,-0.76,64.46,69.49,76.02,67.51,-4.84,-6.06,-3.42,-6.9,-35.54,-30.51,-23.98,-32.49,7.8,7.83,7.84,7.87,96.06,4.93,4.64
2011-12-01,48996,37416,3008,226,8210,169530,112628,56902,140681,99574,41107,58610,20526,38083.05,166343,124062,42281,18893,18756,137,54.98,310.17,177.26,35.54,122.9,289.17,157.82,312322.12,0.51,965.1,321.5,643.6,203.93,1679.09,121.46,1300.6,233.5,1067.1,378.47,1.09,377.37,4378.03,16.3,4361.73,6187.94,21523.9,24405.56,24326.77,5.94,106.2,0.22,6.2,6.2,105.27,5.27,5.27,5604.92,5479.69,63128.2,45074.6,18053.6,3493.04,7917.83,14.89,5.5,13.57,5.18,6.94,-0.96,64.03,69.05,75.92,66.97,-5.17,-6.2,-3.5,-7.05,-35.97,-30.95,-24.08,-33.03,7.79,7.81,7.79,7.83,101.29,2.54,4.45
2012-01-01,48229,35195,3209,226,9462,170948,114839,56109,140977,99711,41266,57519,19560,37959.35,165911,123391,42520,21408,21271,137,69.66,312.83,222.67,31.93,105.5,302.66,96.9,163930.89,0.59,744.2,223.9,520.3,208.03,1629.23,127.69,1340.6,170.9,1169.7,305.09,1.35,303.74,305.09,1.35,303.74,6185.7,26466.5,20020.11,19533.21,6.21,106.3,0.09,5.44,0.09,105.36,4.64,0.09,5587.88,5462.55,65128.62,44936.42,20192.2,3955.17,3277.72,14.67,5.5,13.56,5.2,7.71,-0.22,64.34,69.4,75.78,67.55,-4.15,-4.75,-2.88,-5.22,-35.66,-30.6,-24.22,-32.45,7.8,7.82,7.74,7.77,95.03,3.14,3.14
2012-02-01,46800,35269,3066,226,8100,171370,115028,56342,142399,101172,41226,57656,19595,38061.37,167405,124937,42468,20272,20133,139,112.46,520.86,215.91,32.1,106.41,301.66,81.88,153841.31,0.53,859.9,251.4,608.5,181,1341.08,134.97,1311.5,157,1154.5,350.39,1.3,349.09,655.48,2.65,652.83,6126.9,7240.51,18926.21,18915.05,6,106.83,0.5,5.17,0.59,105.69,4.4,0.4,5551.62,5427.78,64438.88,45814.78,18624.1,3158.36,3381.67,14.69,5.5,13.49,5.2,7.91,0.03,64.1,69.65,75.48,67.95,-2.46,-2.61,-1.24,-2.93,-35.9,-30.35,-24.52,-32.05,7.77,7.79,7.76,7.78,94.94,4.02,3.58
2012-03-01,47378,36062,3228,246,7704,171830,115958,55873,142573,101360,41213,57539,20099,37440.14,168034,125544,42490,19869,19731,138,126.66,613.55,206.45,47.94,149.51,320.66,125.37,275129.61,0.46,1033.5,274.5,759,232.33,1633.84,142.2,1475.4,155.1,1320.3,402.13,1.96,400.17,1057.61,4.61,1053,6140.8,25246.77,17169.1,17110.33,5.59,107.18,0.33,4.55,0.92,106.21,4.25,0.9,5527.99,5406.13,64504.56,46128.76,18375.8,4284.05,3821.01,14.71,5.5,13.39,5.21,8.46,0.64,63.88,69.16,74.94,67.48,-1.55,-2.09,-0.4,-2.5,-36.12,-30.84,-25.06,-32.52,7.71,7.74,7.66,7.7,101.09,4.27,3.82
2012-04-01,45536,34566,3153,256,7424,174535,116928,57607,142374,101369,41005,56646,19591,37055.3,167431,125082,42349,19849,19712,137,97.87,498.9,196.18,38.76,123.9,312.82,126.97,230432.97,0.55,875.2,226.5,648.7,182.36,1307.57,139.47,1323.2,163.1,1160.1,418.97,1.58,417.39,1476.58,6.19,1470.39,6183.3,16374.17,20834.59,20601.26,5.84,107.58,0.37,4.27,1.3,106.5,4.11,1.17,5516.21,5393.9,64798.3,47461.2,17337.1,4088.58,3615.03,14.72,5.5,13.41,5.23,8.76,0.92,64.04,69.15,75.48,67.33,-0.18,-1.75,0.57,-2.35,-35.96,-30.85,-24.52,-32.67,7.74,7.76,7.77,7.79,95.11,1.63,3.27
2012-05-01,44646,34626,3045,256,6583,175798,117421,58377,143059,101296,41763,55452,19012,36440.14,167495,124439,43057,19070,18934,136,104.68,527.92,198.28,43.65,141.06,309.45,57.97,111826.31,0.52,871.4,271.6,599.8,238.07,1852.77,128.5,1574.2,184.2,1390,451.56,1.79,449.77,1928.14,7.98,1920.16,6112.7,5871.56,38979.07,38961.78,5.26,107.72,0.13,3.9,1.43,106.7,3.98,1.36,5516.42,5395.03,65582.9,47489.9,18093,3389.1,4033.1,14.66,5.5,13.43,5.25,9.18,1.3,64.17,68.78,75.73,66.79,-0.56,-2.69,0.36,-3.51,-35.83,-31.22,-24.27,-33.21,7.77,7.79,7.81,7.83,95.57,3.66,3.35
2012-06-01,45818,36091,2940,256,6400,176724,117387,59337,144316,103021,41294,56229,19043,37186.08,168796,126196,42600,18804,18672,132,100.6,533.97,188.39,41.83,131.18,318.88,51.85,96034.56,0.54,831.4,229.6,601.8,176.07,1461.01,120.51,1450,177.2,1272.8,432.67,1.32,431.35,2360.81,9.3,2351.51,6811.6,25261.84,23085.77,22912.43,4.89,107.85,0.12,3.47,1.55,107.1,3.85,1.74,6238.35,6119.75,65028.52,47160.42,17868.1,3423.11,4026.84,14.68,5,13.46,5.2,9.65,1.67,64.54,68.87,76.12,66.8,-0.84,-3.49,-0.25,-4.35,-35.46,-31.13,-23.88,-33.2,7.84,7.86,7.82,7.85,94.12,2.77,3.25
2012-07-01,46623,35990,3106,256,7138,179002,118877,60125,146451,103477,42974,55858,19160,36697.24,171108,126804,44304,19435,19302,133,98.68,550.6,179.22,40.79,127.25,320.56,16.88,28341.02,0.6,783.5,255.7,527.8,177.2,1433.62,123.6,1425.8,201.1,1224.7,422.09,1.6,420.49,2782.9,10.9,2772,6778.1,31159.43,21047.54,20990.58,4.71,108.23,0.35,2.86,1.91,107.49,3.56,2.1,6213.24,6095.11,65507.41,47445.81,18061.6,4711.38,5522.68,14.69,5,13.51,5.34,10.35,2.41,64,68.58,75.42,66.62,-0.56,-3.12,-0.35,-3.85,-36,-31.42,-24.58,-33.38,7.81,7.83,7.82,7.85,94.92,2.5,3.14
2012-08-01,48168,36122,3261,247,8400,182025,120531,61494,147785,105010,42775,56271,18977,37294.15,172380,128238,44142,20811,20673,138,82.61,455.6,181.31,48.66,151.26,321.69,38.42,84746.13,0.45,829.9,271.6,558.3,203.59,1532.81,132.82,1439.7,182.3,1257.4,441.4,1.12,440.28,3224.3,12.02,3212.28,6765.7,24416.58,18111.05,17946.82,4.44,108.72,0.45,2.71,2.37,107.81,3.53,2.41,6252.05,6133.9,68541.66,47588.46,20953.2,3337.63,5284,14.68,5,13.49,5.34,10.49,2.56,64.57,69.27,75.9,67.37,-0.26,-2.25,-0.28,-2.73,-35.43,-30.73,-24.1,-32.63,7.87,7.89,7.95,7.97,95.27,2.92,3.12
2012-09-01,48637,35911,3127,237,9223,184110,121541,62569,148757,105274,43483,56036,19133,36902.91,173555,128683,44872,21960,21821,139,67.84,387.84,174.92,48.67,148.8,327.08,49.88,91927.7,0.54,785.2,247.5,537.7,173.55,1278.57,135.74,1281.3,151.3,1130,365.8,1.3,364.5,3590.1,13.32,3576.78,6753.7,34052.1,13065.01,13018.89,4.91,109.25,0.49,3.28,2.87,108.15,3.66,2.73,6247.12,6129.77,68920.3,47214.5,21705.8,3050.39,4671.2,14.69,5,13.52,5.38,9.91,2.03,65.26,70.37,76.61,68.56,0.27,0.04,0.6,-0.01,-34.74,-29.63,-23.39,-31.44,7.96,7.98,7.94,7.96,94.02,2.11,3
2012-10-01,49349,37260,3084,227,8637,185247,122049,63198,149155,105681,43474,56433,19384,37049.86,174200,129347,44854,21443,21284,159,35.58,207.06,171.83,47.09,144.74,325.34,32.36,51676.73,0.63,732.5,269,463.5,185.95,1417.5,131.18,1531.7,213.6,1318.1,415.4,1.3,414.1,4005.5,14.62,3990.88,6804.2,37770.92,12115.2,11970.29,4.7,109.28,0.03,3.35,2.9,108.51,3.74,3.08,6297.68,6181.19,67664.4,47214.2,20450.2,4804.57,4755.27,14.66,5,13.59,5.4,9.91,1.99,64.39,69.61,75.74,67.83,-0.78,-0.46,-0.31,-0.38,-35.61,-30.39,-24.26,-32.17,7.86,7.88,7.81,7.83,96.41,4.95,3.2
2012-11-01,50098,38136,3041,227,8552,188257,123799,64457,151625,107993,43632,58488,19464,39023.36,176793,131779,45014,22062,21898,164,26.14,155.8,167.79,40.61,125.53,323.5,44.3,88512.18,0.5,808.3,254.9,553.4,140.25,1167.66,120.11,1431.1,196.2,1234.9,367.96,1.61,366.35,4373.46,16.23,4357.23,6711.2,44939.51,12759.13,12685.18,4.48,109.27,-0.01,3.11,2.89,108.86,3.73,3.41,6281.1,6166.1,68471.6,47183.9,21287.7,3301.63,6166.87,14.67,5,13.55,5.41,10.12,2.23,64.08,69.38,75.73,67.55,-0.59,-0.16,-0.37,0.05,-35.92,-30.62,-24.27,-32.45,7.86,7.88,7.86,7.9,99.13,3.19,3.2
2012-12-01,52025,41155,3490,217,7015,191745,124997,66748,154832,111080,43752,62962,21227,41735.07,181825,136673,45152,21144,20968,176,32.7,216.09,151.35,36.69,113.61,322.93,80.23,154348.9,0.52,823.7,263.8,559.9,252.86,1965.42,128.65,1409.5,162.2,1247.3,409.23,1.47,407.76,4782.69,17.7,4764.99,6693.8,49785.1,22191.79,21651.1,4.65,109.86,0.54,3.45,3.45,109.2,3.73,3.73,6304.9,6193.3,67211,47094,20117,3962.84,6764.19,14.76,5,13.47,5.38,9.69,1.87,63.71,69.32,75.61,67.51,-0.51,0.4,-0.41,0.81,-36.29,-30.68,-24.39,-32.49,7.88,7.91,7.88,7.91,103.96,2.64,3.15
2013-01-01,50494,38376,3326,217,8429,194533,127798,66735,154546,110325,44221,60519,20209,40310.34,180524,134928,45596,23062,22915,147,47.55,330.6,143.84,44.3,135,328.15,85.72,174973.5,0.49,828.2,246.4,581.8,224.95,1760.89,127.75,1465.6,205.1,1260.5,357.87,1.53,356.34,357.87,1.53,356.34,6649.7,36136.39,13254.06,12964.25,4.53,110.4,0.49,3.86,0.49,109.32,3.76,0.12,6264.98,6155.08,70142.22,47992.82,22149.4,4608.82,3218.86,14.67,5,13.52,5.42,9.3,1.5,63.52,69.16,75.45,67.38,-1.28,-0.34,-0.44,-0.25,-36.48,-30.84,-24.55,-32.62,7.87,7.89,7.8,7.83,99.05,4.23,4.23
2013-02-01,48882,37731,3303,217,7483,195956,129105,66851,155964,111354,44609,60765,20212,40552.37,181971,135983,45988,22051,21867,184,67.11,476,141,45.7,137.7,331.88,93.06,182002.8,0.51,796,226.8,569.2,218.25,1565.08,139.45,1337.5,193.7,1143.8,351.17,1.29,349.88,709.04,2.82,706.22,7276.7,19100.58,19820.61,19807.94,4.41,111.3,0.82,4.18,1.31,109.8,3.89,0.55,6934.4,6825.3,70734.21,49634.31,21099.9,3193.69,4064.27,14.68,5,13.5,5.45,8.94,1.21,63.09,68.48,74.7,66.72,-1.58,-1.67,-1.03,-1.81,-36.91,-31.52,-25.3,-33.28,7.81,7.84,7.82,7.85,98.8,4.07,4.15
2013-03-01,50257,41343,3469,217,5080,194304,127523,66781,156955,112534,44421,62296,21153,41142.33,183909,138154,45755,19726,19540,186,75.76,515.5,146.97,53.4,162.1,329.43,176.59,366814.9,0.48,982.1,271.6,710.5,219.63,1660.49,132.27,1346,182.6,1163.4,424.05,1.68,422.37,1133.09,4.5,1128.59,7279.8,26508.91,21129.78,20973.79,4.59,111.83,0.48,4.34,1.79,110.36,3.9,1.06,6908.3,6800.36,68374.25,49623.95,18750.3,4343.46,4308.3,14.79,5,13.5,5.46,8.78,1.07,62.81,68.12,74.43,66.34,-1.67,-1.49,-0.68,-1.68,-37.19,-31.88,-25.57,-33.66,7.8,7.82,7.76,7.79,101.71,0.61,2.92
2013-04-01,49692,39967,3118,217,6235,197387,129973,67414,158678,112556,46122,60793,20381,40412.34,184951,137459,47492,20927,20772,155,94.34,614.7,153.47,50.4,154.1,327.06,136.41,277132.8,0.49,888.8,263.6,625.2,183.03,1508.21,121.35,1610.1,223,1387.1,451.24,1.98,449.26,1584.33,6.48,1577.85,7220.8,35675.09,28044.17,27956.09,4.85,112.02,0.17,4.13,1.97,110.55,3.8,1.24,6953.5,6846.12,70515.02,49619.22,20895.8,4964.03,5368.38,14.68,5.25,13.53,5.45,9.03,1.27,62.53,68,74.17,66.26,-2.35,-1.67,-1.75,-1.59,-37.47,-32,-25.83,-33.74,7.78,7.81,7.77,7.79,101.18,6.38,3.77
2013-05-01,51005,38711,4231,217,7683,199812,131831,67981,161500,113621,47879,60675,20122,40552.9,187595,138313,49282,22916,22643,273,95.08,605.6,156.99,51.6,159.6,323.31,135.85,279754.4,0.49,965.3,246.1,719.2,255.28,2141.54,119.21,1596.2,261.7,1334.5,476.99,2.03,474.96,2061.32,8.51,2052.81,7252.9,34899.04,17564.13,17499.46,4.71,112.32,0.27,4.27,2.24,110.79,3.83,1.46,6937.8,6832,70664.19,49481.19,21183,3738.28,4643.2,14.67,5.25,13.59,5.44,8.94,1.12,62.42,67.67,73.91,65.91,-2.73,-1.61,-2.41,-1.31,-37.58,-32.33,-26.09,-34.09,7.78,7.8,7.78,7.8,99.5,4.11,3.84
2013-06-01,51034,39537,3291,217,7826,201412,132053,69359,161472,114343,47129,60781,20100,40680.39,187636,139108,48528,23104,22826,278,90.93,591.2,153.8,37.5,115,326.09,72.3,146331.4,0.49,808,253.8,554.2,171.87,1440.66,119.3,1382.5,180.7,1201.8,417.2,1.24,415.96,2478.52,9.75,2468.77,7070.9,52611.59,17169.86,17152.69,4.87,113.02,0.62,4.79,2.88,111.31,3.92,1.93,6973.68,6870.67,71470.63,49458.53,22012.1,3185.75,4706.07,14.74,5.25,13.62,5.46,8.42,0.64,62.41,67.21,73.77,65.37,-3.29,-2.41,-3.1,-2.14,-37.59,-32.79,-26.23,-34.63,7.81,7.83,7.83,7.84,96.71,2.75,3.66
2013-07-01,52339,39251,3173,217,9539,206273,133656,72617,163234,115216,48018,60590,20194,40395.97,189480,140057,49423,24412,24134,278,80.58,524.3,153.7,42.1,127.2,330.97,43.95,93447.4,0.47,827.8,254.6,573.2,214.27,1693.43,126.53,1532.3,241.9,1290.4,445.76,1.8,443.96,2924.28,11.55,2912.73,6727.1,78860.45,18302.23,18209.94,4.88,113.36,0.3,4.74,3.19,111.63,3.85,2.22,6650.9,6548.5,71977.68,49429.28,22548.4,5431.09,6093.95,14.66,5.25,13.62,5.45,8.48,0.68,62.29,67.07,73.56,65.25,-2.67,-2.2,-2.46,-2.06,-37.71,-32.93,-26.44,-34.75,7.81,7.83,7.83,7.85,98.59,3.87,3.69
2013-08-01,52672,39034,3790,207,9473,207514,134887,72627,165183,116329,48854,61221,20185,41035.66,191409,141179,50230,24773,24480,293,66.72,436.2,152.96,55.7,168.6,330.37,45.92,95340.4,0.48,804.4,259,545.4,122.84,980.31,125.31,1387.2,202.4,1184.8,456.34,1.1,455.24,3380.62,12.65,3367.97,6745.8,67309.45,14924.33,14868.91,4.85,113.52,0.14,4.42,3.33,111.74,3.65,2.33,6639.77,6537.36,72468.54,49414.04,23054.5,3520.07,4321.74,14.69,5.25,13.62,5.47,8.82,1.01,62.89,67.77,74.29,65.94,-2.6,-2.17,-2.12,-2.12,-37.11,-32.23,-25.71,-34.06,7.89,7.91,7.93,7.96,98.63,3.52,3.67
2013-09-01,51469,39361,2699,197,9052,209913,136472,73441,165127,117496,47631,60557,19727,40829.9,190950,141949,49001,24068,23779,289,40.45,268,150.94,54.4,162.4,334.98,21.25,46229,0.46,731.8,253.4,478.4,240.21,1939.29,123.86,1473.8,185.6,1288.2,420.7,1.6,419.1,3801.32,14.25,3787.07,6583.6,56373.06,14596.5,14314.98,4.87,113.85,0.29,4.21,3.63,111.95,3.52,2.52,6620.5,6518.1,72984.9,49408.8,23576.1,3481.95,4307.16,14.68,5.25,13.63,5.5,9.04,1.24,63.11,68.04,74.45,66.23,-3.29,-3.31,-2.82,-3.4,-36.89,-31.96,-25.55,-33.77,7.93,7.95,7.92,7.96,97.72,3.94,3.7
2013-10-01,51177,40468,3428,177,6941,210441,136103,74337,165936,117007,48928,60333,20295,40037.77,192376,142069,50308,22926,22631,295,16.68,112.9,147.75,64.1,198.5,322.92,21.45,43178,0.5,767.1,256.7,510.4,196.64,1628.71,120.74,1604.9,222.8,1382.1,480.04,1.3,478.74,4281.36,15.55,4265.81,6657.8,56305.39,13775.98,13682.7,4.72,113.82,-0.03,4.15,3.6,112.29,3.48,2.83,6623.4,6521.19,71202.6,49408.8,21793.8,5345.72,4388.46,14.66,5,13.66,5.47,9.13,1.26,63.1,68.37,74.53,66.63,-2,-1.78,-1.6,-1.77,-36.9,-31.63,-25.47,-33.37,7.95,7.97,7.9,7.93,99.57,3.28,3.66
2013-11-01,50921,39737,4725,167,6128,212788,137498,75290,166334,117713,48621,61051,20472,40579.22,192988,142985,50003,23464,23165,299,13.16,100.9,130.46,50,148.6,336.47,43.04,79371.8,0.54,803,256.7,546.3,178.96,1529.33,117.02,1443.5,183.3,1260.2,376.59,1.7,374.89,4657.95,17.25,4640.7,6957.6,27442,13386.03,12861.34,4.69,114.33,0.45,4.63,4.07,112.76,3.58,3.27,6807.41,6706.59,71979.8,49406.8,22573,3486.66,5495.16,14.7,5,13.68,5.5,8.65,0.83,62.18,67.34,73.69,65.55,-2.96,-2.94,-2.7,-2.95,-37.82,-32.66,-26.31,-34.45,7.88,7.91,7.88,7.91,102.38,3.28,3.62
2013-12-01,57302,43069,5865,127,8075,213220,138353,74867,171038,121306,49732,65258,21965,43293.09,199183,148078,51105,25094,24790,304,24.18,186.1,129.91,46.5,133.4,348.58,66.33,145691.2,0.46,825.7,280.4,545.3,195.26,1616.16,120.82,1335.9,175.2,1160.7,447.25,1.3,445.95,5105.21,18.55,5086.66,7272.6,40167.83,12978.02,12965.99,4.77,114.68,0.31,4.39,4.39,113.08,3.56,3.56,7070.23,6973.07,73425.8,49406.8,24019,3574.3,7353.39,14.81,5,13.7,5.46,8.92,1.03,61.7,66.98,73.3,65.2,-3.15,-3.38,-3.05,-3.42,-38.3,-33.02,-26.7,-34.8,7.85,7.87,7.84,7.87,106.15,2.1,3.49
2014-01-01,56185,40923,4893,127,10073,215414,140495,74919,170217,120562,49655,63240,20893,42347.19,197347,146351,50997,28068,27756,312,43.67,351.35,124.29,43.91,132.64,331.05,91.55,197236.47,0.46,835.4,256.9,578.5,317.6,2619.22,121.26,1547.9,204.6,1343.3,394.19,1.6,392.59,394.19,1.6,392.59,7164.6,48981.25,11091.49,10366.4,4.73,114.97,0.25,4.14,0.25,113.09,3.44,0.01,7045.47,6948.87,78578.9,49041.8,29537.1,4935.74,3427.18,14.68,5,13.78,6.06,9.26,1.84,61.67,67,73.33,65.18,-2.9,-3.12,-2.81,-3.27,-38.33,-33,-26.67,-34.82,7.83,7.85,7.79,7.81,102.8,3.79,3.79
2014-02-01,54684,40293,5097,127,8997,216615,141845,74771,171762,120638,51124,62948,20930,42017.89,198869,146437,52432,27077,26759,318,55.11,407.24,135.34,46.38,140.43,330.27,90.2,206670.59,0.44,805.7,262.7,543,205.87,1718.15,119.82,1356.3,191.4,1164.9,383.94,1.4,382.54,778.13,3,775.13,7163.9,31347.24,15329.97,15273.97,4.56,115.2,0.2,3.5,0.45,113.35,3.23,0.23,7023.7,6926.8,78361.1,51132.1,27229,3315.39,3706.58,14.69,5,13.81,6.07,9.96,2.48,61.09,66.15,72.13,64.42,-3.16,-3.41,-3.45,-3.45,-38.91,-33.85,-27.87,-35.58,7.75,7.77,7.72,7.75,102.55,3.8,3.79
2014-03-01,54618,40800,5136,117,8387,218569,143230,75339,172519,121309,51210,63268,21177,42090.47,199907,147417,52490,25679,25349,330,84.68,556.38,152.2,60.86,185.36,328.33,111.21,246572.36,0.45,1036.3,319.9,716.4,266.62,2173.63,122.66,1475.5,189.3,1286.2,459.23,1.8,457.43,1237.36,4.8,1232.56,7110.7,31569.69,21019.07,20914.39,4.46,115.46,0.23,3.25,0.68,113.85,3.17,0.68,7028.1,6931.7,78072.32,53103.52,24968.8,4370.11,4762.63,14.8,4.75,13.8,5.5,10.22,2.18,61.12,65.99,71.4,64.42,-2.69,-3.14,-4.08,-2.9,-38.88,-34.01,-28.6,-35.58,7.72,7.74,7.71,7.74,106.7,4.9,4.17
2014-04-01,53817,41308,4712,107,7514,221053,144055,76998,173583,122625,50958,63909,21259,42649.97,201113,148845,52268,24477,24286,191,82.38,515.84,159.7,61.94,192.34,322.03,87.94,197669.67,0.44,939.6,288,651.6,176.64,1438.75,122.77,1521.3,209.6,1311.7,490.68,1.9,488.78,1728.05,6.7,1721.35,7214.9,15732.2,30282.47,30176.06,4.51,115.68,0.19,3.27,0.87,114.03,3.14,0.84,7026.55,6930.07,79082.08,55790.88,23291.2,5327.78,5569.59,14.72,4.75,13.81,5.5,10.21,2.16,61.36,66.35,71.63,64.81,-1.87,-2.43,-3.42,-2.18,-38.64,-33.65,-28.37,-35.19,7.74,7.76,7.71,7.73,104.78,3.55,4.01
2014-05-01,52268,41220,4606,107,6158,221716,143679,78037,174603,123014,51589,63795,21311,42484.24,202214,149288,52926,23114,22931,183,94.3,529.8,177.99,54.34,167.6,324.22,89.85,188157.16,0.48,946.5,280.2,666.3,230.5,1869.38,123.3,1668.2,260.8,1407.4,494.06,2,492.06,2222.1,8.7,2213.4,7174.4,4624.62,46779.3,46097.98,4.19,115.94,0.22,3.22,1.1,114.16,3.04,0.95,7016.3,6920.5,78797.76,56741.06,22056.7,3765.51,5256.92,14.71,4.75,13.83,5.51,10.28,2.22,61.34,66.31,71.43,64.82,-1.72,-2.01,-3.35,-1.66,-38.66,-33.69,-28.57,-35.18,7.72,7.75,7.77,7.8,104.43,4.96,4.2
2014-06-01,54317,42356,4120,97,7566,224240,145557,78683,175372,124357,51015,64062,21078,42984.53,202733,150383,52350,24268,24080,188,78.93,443.89,177.8,40.96,124.98,327.73,68.54,155889.23,0.44,891.3,271.3,620,204.65,1658.65,123.38,1442.7,196.4,1246.3,481.86,1.1,480.76,2703.96,9.8,2694.16,7096.4,29810.45,21723.37,21316.76,4.24,116.56,0.53,3.13,1.64,114.57,2.93,1.32,7029.08,6936.54,81378.28,56624.28,24754,3673.1,5181.66,14.78,4.5,13.84,5.5,10.38,2.3,61.68,66.64,71.93,65.11,-1.17,-0.85,-2.49,-0.41,-38.32,-33.36,-28.07,-34.89,7.79,7.82,7.76,7.79,101.04,4.48,4.25
2014-07-01,56296,41520,4742,77,9778,227878,147453,80425,177475,125223,52252,64423,21654,42768.98,205418,151949,53469,26941,26745,196,67.11,369.63,181.57,52.27,157.93,330.97,33.78,73845.63,0.46,948.6,308.2,640.4,207.14,1686.83,122.8,1620.3,226.6,1393.7,509.73,1.8,507.93,3213.69,11.6,3202.09,7132.7,61297.8,19479.8,18929.87,4.24,117.23,0.57,3.41,2.22,114.96,2.99,1.66,7001.63,6910.32,82046.21,56149.61,25896.6,5939.32,6091.69,14.68,4.5,13.87,5.46,10.11,1.98,61.05,66.11,71.7,64.5,-2,-1.43,-2.53,-1.15,-38.95,-33.89,-28.3,-35.5,7.76,7.79,7.79,7.81,103.76,5.24,4.39
2014-08-01,57390,42465,5773,57,8912,226157,146518,79639,179260,126200,53060,64361,21677,42684.2,207295,153036,54259,26233,26028,205,69.36,377.38,183.79,59.18,173.52,341.06,69.24,148739.47,0.47,874,299.2,574.8,203.48,1717.92,118.45,1462.7,169.3,1293.4,476.79,0.9,475.89,3690.48,12.5,3677.98,7248.1,39487.14,13650.9,13390.72,4.09,117.72,0.42,3.7,2.65,115.25,3.14,1.92,7011.66,6920.7,81693.51,55859.61,25833.9,3807.34,5440.76,14.73,4.5,13.74,5.46,9.68,1.7,60.93,65.91,71.76,64.23,-3.11,-2.74,-3.41,-2.59,-39.07,-34.09,-28.24,-35.77,7.79,7.81,7.74,7.77,102.17,3.58,4.29
2014-09-01,56908,41332,5109,20,10265,227873,148720,79153,179439,126580,52859,63880,21585,42294.87,207550,153439,54112,27844,27631,213,41.26,219.64,187.87,66.96,194.21,344.78,56.54,128561.39,0.44,883.5,290.8,592.7,171.58,1503.15,114.15,1542.4,181.5,1360.9,458.78,1.8,456.98,4149.26,14.3,4134.96,7149.2,47076.75,10729.02,10614.93,4.24,117.78,0.05,3.45,2.7,115.54,3.2,2.17,6985.08,6895.93,81257.33,55561.23,25696.1,3742.31,4386.3,14.68,4.5,13.73,5.48,9.94,1.96,60.29,64.9,70.83,63.19,-4.48,-4.62,-4.86,-4.59,-39.71,-35.1,-29.17,-36.81,7.71,7.73,7.64,7.67,101.76,4.13,4.27
2014-10-01,56716,42587,4857,10,9071,227782,148303,79479,178617,126006,52611,63876,22098,41778.86,207285,153414,53871,26970,26743,227,12.97,66.1,196.25,67.57,199.18,339.24,77.24,175007.57,0.44,883.3,297.3,586,194.07,1828.36,106.14,1575.2,187.1,1388.1,500.53,1.5,499.03,4649.79,15.8,4633.99,7097.5,35033.28,16709.24,15803.17,4.08,117.96,0.15,3.64,2.86,115.93,3.24,2.51,6996.5,6908.1,82777.29,54920.99,27856.3,5378.12,3708.89,14.67,4.5,13.73,5.49,9.74,1.79,59.41,63.73,69.88,61.96,-5.84,-6.79,-6.23,-7.01,-40.59,-36.27,-30.12,-38.04,7.63,7.65,7.58,7.62,103.88,4.33,4.28
2014-11-01,56610,42706,4539,10,9169,229938,149083,80855,180500,127644,52857,65388,22247,43141.16,209301,155101,54201,26953,26725,228,15.38,83.87,183.4,49.86,151.7,328.68,64.52,136819.03,0.47,839.2,280.4,558.8,173.68,1865.88,93.08,1556.1,183.6,1372.5,398.28,1.5,396.78,5048.08,17.3,5030.78,7053.5,21299.89,19039.83,18164.19,4.16,118.19,0.19,3.38,3.06,116.31,3.15,2.86,7017.9,6930.6,81112.99,54823.29,26289.7,3687.07,5185.94,14.6,4,13.7,5.49,9.99,2.04,58.79,62.91,69.53,61.02,-5.44,-6.58,-5.65,-6.91,-41.21,-37.09,-30.47,-38.98,7.6,7.63,7.63,7.66,107.12,4.63,4.31
2014-12-01,59833,46811,5080,10,7743,233087,150568,82518,184250,131401,52848,69801,24062,45739.03,214868,160799,54069,24587,24350,237,23.07,124.25,185.69,47.59,140.65,338.36,111.04,261407.31,0.42,920.1,326.1,594,197.1,2670.95,73.79,1513.2,174.7,1338.5,496.02,1.5,494.52,5544.1,18.8,5525.3,7333.4,42736.13,15320.68,15127.8,4.21,118.06,-0.11,2.95,2.95,116.69,3.19,3.19,7039.3,6955.6,81113.2,57623.3,23489.9,4103.21,8100.55,14.76,4,13.64,5.46,10.39,2.44,58.57,62.09,69.28,60.05,-5.08,-7.3,-5.49,-7.9,-41.43,-37.91,-30.72,-39.95,7.61,7.63,7.58,7.61,112.35,5.84,4.44
2015-01-01,57965,44561,4430,10,8776,237887,154186,83701,185208,132610,52598,69385,23419,45966.77,215301,161468,53833,26128,25886,242,54.16,291.52,185.78,43.91,132.64,331.05,82.87,194432.04,0.43,879.2,295.3,583.9,132.58,2129.53,62.26,1358.9,167.9,1191,407.43,1.5,405.93,407.43,1.5,405.93,7656,41099.47,14336.77,14054.66,3.75,117.64,-0.36,2.32,-0.36,116.66,3.16,-0.02,7356.32,7273.72,84991.79,59864.09,25127.7,4998.97,3920.05,14.69,4,13.6,5.45,11.02,3.06,58.64,62.15,69.27,60.11,-4.92,-7.24,-5.53,-7.78,-41.36,-37.85,-30.73,-39.89,7.63,7.65,7.64,7.67,107.77,4.83,4.83
2015-02-01,59661,45127,4366,10,9971,240716,156135,84582,186996,133600,53397,69938,23485,46453.28,217252,162619,54634,27439,27192,247,60.59,338.71,178.89,46.38,140.43,330.27,114.74,301296.37,0.38,885.1,286.6,598.5,143.47,2115.22,67.83,1293.8,162.6,1131.2,431.98,0.6,431.38,839.41,2.1,837.31,7625.4,26211.49,21526.09,21506.87,3.79,118.01,0.31,2.44,-0.04,116.98,3.21,0.25,7404.4,7322.14,87223.18,59566.58,27656.6,3560.64,4809.77,14.68,3.5,13.48,5.45,10.78,2.94,58.72,61.87,68.96,59.84,-3.88,-6.47,-4.39,-7.11,-41.28,-38.13,-31.04,-40.16,7.63,7.66,7.61,7.64,107.15,4.49,4.66
2015-03-01,59919,45996,5344,10,8374,242995,157317,85678,190076,135571,54505,71208,24234,46973.45,221249,165467,55781,25174,24910,264,83.06,491.77,168.9,60.86,185.36,328.33,53.33,123451.28,0.43,1005,343.5,661.5,179.07,2547.31,70.3,1532.1,198.1,1334,556.48,1.5,554.98,1395.89,3.6,1392.29,7770.3,50541.8,18285.88,18224.93,3.82,118.26,0.21,2.43,0.17,117.4,3.12,0.61,7382.33,7300.93,85244.63,62675.13,22569.5,4540.91,5747.26,14.66,3.5,13.37,5.45,10.69,2.95,58.82,61.39,69.04,59.21,-3.76,-6.97,-3.31,-8.09,-41.18,-38.61,-30.96,-40.79,7.61,7.64,7.62,7.65,111.76,4.74,4.69
2015-04-01,58465,46211,4791,10,7252,245133,157677,87456,192657,136920,55737,71408,23774,47634.37,223431,166373,57058,24546,24269,277,85.6,502.57,170.33,61.94,192.34,322.03,89.96,221381.84,0.41,914.6,287.5,627.1,140.36,1967.21,71.35,1430.5,176.5,1254,503.85,1.5,502.35,1899.74,5.1,1894.64,7721.3,26338.63,23910.26,23903.89,3.62,118.66,0.34,2.58,0.51,117.62,3.15,0.8,7496.05,7414.25,85874.54,62650.44,23224.1,5357.29,5539.61,14.66,3.5,13.29,5.43,10.44,2.78,59.35,62.07,69.54,59.94,-3.27,-6.44,-2.91,-7.51,-40.65,-37.93,-30.46,-40.06,7.69,7.72,7.73,7.76,107.64,2.73,4.19
2015-05-01,59858,46694,4197,10,8750,247412,159407,88006,193479,137229,56250,73155,25249,47905.73,225661,168026,57635,25827,25538,289,91.87,551.46,166.6,54.34,167.6,324.22,142.62,350232.95,0.41,997.8,280.3,717.5,186.92,2297.09,81.37,1544.2,204.9,1339.3,518.95,1.5,517.45,2418.69,6.6,2412.09,7649.8,17564.74,75528.98,41797.95,3.46,118.9,0.2,2.55,0.71,117.81,3.2,0.97,7484.72,7404.12,87001.44,62079.74,24921.7,3748.55,5015.02,14.82,3.5,13.21,5.49,10.39,2.86,59.33,62,69.28,59.92,-3.28,-6.5,-3.02,-7.56,-40.67,-38,-30.72,-40.08,7.66,7.7,7.65,7.68,106.68,2.16,3.79
2015-06-01,60072,46825,4963,10,8069,248446,160549,87898,193884,138434,55450,72543,24517,48025.61,225459,168585,56874,25104,24813,291,80.1,492.48,162.64,40.96,124.98,327.73,90.98,229850.74,0.4,910.4,283.6,626.8,135.12,1764.82,76.56,1450,178.1,1271.9,536.3,1.1,535.2,2954.99,7.7,2947.29,7717.7,32139.35,55740.17,36710.05,3.25,119.34,0.37,2.39,1.08,118.29,3.25,1.38,7485.79,7408.19,84244.08,61723.48,22520.6,3847.89,4742.94,14.73,3.25,13.15,5.49,10.51,3.03,59.07,61.43,68.77,59.33,-4.24,-7.82,-4.39,-8.86,-40.93,-38.57,-31.23,-40.67,7.63,7.66,7.61,7.64,105.59,4.51,3.9
2015-07-01,60881,47924,4454,10,8297,251221,162722,88499,194620,139675,54945,73011,25060,47950.65,226817,170350,56467,25899,25608,291,71.25,420.61,169.4,52.27,157.93,330.97,79.86,199618.45,0.4,965.2,316.7,648.5,187.43,2474.13,75.75,1640.7,197.2,1443.5,573.71,1.5,572.21,3528.71,9.2,3519.51,7584.5,36637.52,34959.28,34627.28,3.16,119.95,0.51,2.32,1.6,118.75,3.3,1.77,7451.64,7374.84,87918.51,61348.31,26570.2,5986.3,5553.78,14.68,3.25,13.12,5.48,10.55,3.09,58.77,60.67,68.38,58.48,-3.73,-8.23,-4.64,-9.33,-41.23,-39.33,-31.62,-41.52,7.63,7.66,7.63,7.66,108.69,4.76,4.03
2015-08-01,59617,45927,4817,20,8652,253467,163350,90117,195349,139534,55815,72016,25009,47006.97,227665,170195,57470,26980,26677,303,57.84,347.56,166.43,59.18,173.52,341.06,34.17,87337.62,0.39,878.3,310.9,567.4,112.94,1779.67,63.46,1454.5,181.8,1272.7,527.34,0.9,526.44,4056.05,10.1,4045.95,7572.6,17605.37,26945.24,26627.93,3.04,120.03,0.07,1.96,1.67,118.98,3.24,1.97,7429.95,7352.75,85856.71,61346.11,24510.6,3767.7,5119.68,14.69,3.25,13.09,5.48,10.91,3.45,58.65,60.1,68.16,57.82,-3.74,-8.82,-5.01,-9.98,-41.35,-39.9,-31.84,-42.18,7.63,7.66,7.67,7.71,107.51,5.23,4.17
2015-09-01,59116,44548,4500,20,9847,256521,165704,90817,195079,139927,55152,71185,24703,46481.65,227350,170351,56999,29070,28757,313,29.88,182.11,164.07,66.96,194.21,344.78,38.96,102466.83,0.38,814.6,280.4,534.2,135.55,2167.81,62.53,1536.4,183.6,1352.8,538.35,1.4,536.95,4594.4,11.5,4582.9,7536.1,36812.17,28990.59,28823.11,3.06,119.99,-0.03,1.88,1.63,119.17,3.15,2.13,7403.55,7326.55,85853.51,61294.91,24558.6,3657.14,4298.58,14.7,3.25,13.13,5.49,11.05,3.55,58.89,60.23,68.33,57.94,-2.31,-7.19,-3.54,-8.3,-41.11,-39.77,-31.67,-42.06,7.67,7.7,7.68,7.73,106.65,4.8,4.24
2015-10-01,59282,46909,4723,20,7431,256627,165030,91597,195040,140748,54292,71580,25072,46508.14,227653,171554,56099,27378,27062,316,11.39,73.36,155.28,67.57,199.18,339.24,34.87,102757.31,0.34,825,300,525,134.28,2190.27,61.31,1548.3,182.6,1365.7,583.76,1.6,582.16,5178.17,13.1,5165.07,7564.4,27250.65,31050.84,31050.84,2.94,120.59,0.5,2.23,2.14,119.56,3.14,2.47,7400.3,7323.48,86467.71,61294.91,25172.8,5469.64,4583.29,14.69,3,13.12,5.49,10.65,3.19,58.5,60.2,68.29,57.91,-1.54,-5.54,-2.28,-6.54,-41.5,-39.8,-31.71,-42.09,7.66,7.69,7.64,7.67,108.43,4.39,4.26
2015-11-01,57899,46809,3989,20,6883,258236,166013,92223,195888,141606,54282,72818,25265,47552.97,228781,172695,56086,26950,26630,320,11.41,78.02,146.24,49.86,151.7,328.68,46.43,124450.82,0.37,786.4,286.2,500.2,137.82,2345.99,58.75,1462.1,152,1310.1,508.66,1.8,506.86,5686.83,14.9,5671.93,7421.7,16844,42457.06,42261.37,3.02,121.16,0.47,2.51,2.63,119.97,3.15,2.82,7377.1,7301,84191.11,61292.91,22898.2,3762.42,4109.87,14.67,3,13.12,5.5,10.35,2.91,57.81,59.28,67.59,56.93,-1.67,-5.78,-2.79,-6.7,-42.19,-40.72,-32.41,-43.07,7.63,7.66,7.58,7.62,111.46,4.05,4.24
2015-12-01,62499,51700,4933,20,5643,259520,166626,92894,199633,145030,54603,76929,27063,49865.94,234399,177961,56438,24741,24409,332,25.88,181.58,142.53,47.59,140.65,338.36,41.79,100236.51,0.42,813.2,282.4,530.8,106.71,2031.85,52.52,1389.4,181.5,1207.9,598.15,1.3,596.85,6284.98,16.2,6268.78,7751.2,27626.26,35753.11,35645.29,3.17,121.68,0.43,3.07,3.07,120.37,3.16,3.16,7489.9,7417.1,85178.16,61623.26,23554.9,4081.65,6451.35,14.85,3,13.06,5.43,9.7,2.29,57.17,58.48,67,56.09,-2.39,-5.81,-3.29,-6.6,-42.83,-41.52,-33,-43.91,7.6,7.63,7.63,7.68,115.28,2.61,4.09
2016-01-01,60603,49818,4186,20,6381,262624,169407,93217,200087,144710,55377,75264,26054,49209.96,233929,176701,57228,26088,25752,336,43.35,290.37,149.29,49.76,152.94,325.4,79.69,196305.95,0.41,833.7,268.8,564.9,101.6,2272.51,44.71,1274.6,162.5,1112.1,481.96,1.3,480.66,481.96,1.3,480.66,7680.4,33712.75,22754.38,22075.46,3.62,122.79,0.91,4.38,0.91,120.34,3.15,-0.03,7447.45,7375.4,87247.52,62824.52,24423,5331.92,3934.69,14.7,3,13.08,5.5,8.34,1.08,57,58.05,66.67,55.57,-2.79,-6.59,-3.76,-7.55,-43,-41.95,-33.33,-44.43,7.63,7.67,7.65,7.69,109.73,1.83,1.83
2016-02-01,60832,49419,4378,20,6813,264627,171734,92892,203027,145886,57141,75933,26119,49813.95,237089,178053,59036,26576,26231,345,60.18,396.76,151.67,51.83,160.1,323.76,79.07,214780.45,0.37,842.3,278.1,564.2,98.2,2225.33,44.13,1269,165.3,1103.7,558.04,1.5,556.54,1040,2.8,1037.2,7636,30606.43,19159.47,19154.4,3.94,123.05,0.21,4.27,1.13,120.72,3.2,0.29,7430.37,7357.46,88465.08,63361.88,25103.2,3597.34,4421.1,14.68,3,13.07,5.5,8.44,1.18,57.04,58.22,66.6,55.81,-2.87,-5.89,-3.42,-6.74,-42.96,-41.78,-33.4,-44.19,7.65,7.68,7.67,7.71,109.46,2.15,1.99
2016-03-01,60867,49070,4105,20,7463,266382,173926,92456,204347,146727,57621,76055,26277,49777.6,238704,179087,59617,26894,26531,363,68.36,430.99,158.61,63.35,195.88,323.42,110.04,301178.46,0.37,938.7,304.6,634.1,153.09,2976.27,51.44,1388.2,160.5,1227.7,622.99,1.4,621.59,1662.98,4.2,1658.78,7586.1,39781.31,18220.88,18184.48,3.94,123.3,0.2,4.26,1.33,121.25,3.28,0.73,7410.78,7337.78,90121.21,64492.51,25628.7,4515.13,4829.89,14.68,3,13.11,5.49,8.49,1.18,57.56,59.15,66.91,56.9,-2.15,-3.64,-3.08,-3.9,-42.44,-40.85,-33.09,-43.1,7.7,7.73,7.69,7.72,112.96,1.08,1.68
2016-04-01,61081,51341,4796,20,4716,263732,171398,92334,205352,147829,57523,76501,26339,50161.46,239813,180308,59505,24721,24350,371,91.76,563.25,162.91,62.83,194.59,322.89,82.87,212787.57,0.39,914.2,288.5,625.7,138.03,2490.57,55.42,1442.7,168.4,1274.3,609.31,1.2,608.11,2272.3,5.4,2266.9,7675.3,28788.8,17868.03,17750.33,4.18,123.51,0.17,4.09,1.5,121.42,3.23,0.87,7401.01,7327.41,87631.22,63932.02,23699.2,5562.53,4457.21,14.78,3,13.13,5.48,8.69,1.34,57.84,59.6,66.96,57.45,-2.55,-3.99,-3.71,-4.16,-42.16,-40.4,-33.04,-42.55,7.71,7.75,7.71,7.74,112.25,4.29,2.32
2016-05-01,61924,49072,4991,20,7632,266352,174468,91884,206086,147835,58251,75614,26019,49595.91,240265,179921,60344,27798,27425,373,75.29,468.12,160.83,56.13,172.93,324.6,93.77,257952.13,0.36,916.8,264.4,652.4,130.96,2175.86,60.19,1424.1,185.1,1239,625.3,1.3,624,2897.6,6.7,2890.9,8549.2,34526.83,26500.5,26247.77,4.15,124.08,0.46,4.36,1.97,121.71,3.31,1.12,8069.07,7996.17,86525.82,63416.92,23108.9,4748.28,4671.6,14.73,3,13.15,5.48,8.43,1.08,57.17,58.47,65.98,56.29,-3.63,-5.69,-4.75,-6.07,-42.83,-41.53,-34.02,-43.71,7.63,7.66,7.61,7.64,111.13,4.17,2.69
2016-06-01,62192,51777,4723,20,5466,266699,174709,91990,205789,149487,56302,76033,26069,49963.91,239876,181663,58212,26088,25710,378,79.34,475.33,166.92,52.07,157.39,330.85,74.07,189965.18,0.39,897.6,275.7,621.9,156.44,2401.28,65.15,1475.3,176.1,1299.2,614.66,1.4,613.26,3512.26,8.1,3504.16,8696.4,52129.23,20882.38,19005.08,4.33,124.63,0.44,4.43,2.42,122.11,3.23,1.45,8064.97,7994.87,88504.87,63603.67,24901.2,4069.69,5024.59,14.71,3,13.14,5.46,8.34,0.98,57.07,58.07,65.52,55.91,-3.39,-5.46,-4.72,-5.78,-42.93,-41.93,-34.48,-44.09,7.62,7.66,7.62,7.66,108.49,2.74,2.7
2016-07-01,64313,52664,5094,20,6333,267411,176318,91094,206531,149848,56682,76235,26848,49387.49,241279,182663,58616,27567,27189,378,79.22,458.39,172.82,51.31,156.01,328.91,29.12,73395.7,0.4,844.6,266.3,578.3,80.87,1339.32,60.38,1311.5,151.1,1160.4,536.12,1.1,535.02,4048.38,9.2,4039.18,8861,56664.21,13828.08,13349.75,4.28,125.49,0.69,4.62,3.13,122.56,3.21,1.82,8022.7,7952.6,91542.87,63695.67,27847.2,6502.51,6202.34,14.72,3,13.11,5.46,8.12,0.8,56.25,57.28,64.64,55.13,-4.29,-5.59,-5.47,-5.72,-43.75,-42.72,-35.36,-44.87,7.58,7.61,7.54,7.58,109.35,0.6,2.4
2016-08-01,63501,51318,4995,20,6965,269258,178354,90904,206615,150173,56442,75239,26403,48836.48,240985,182624,58361,28220,27834,386,60.48,365.75,165.36,73.67,221.79,332.18,53.69,130471.59,0.41,888.5,282.6,605.9,135.56,2262.59,59.91,1516.4,170.5,1345.9,619.23,1.2,618.03,4667.61,10.4,4657.21,8919.3,48687.78,13376.73,13245.16,4.4,125.72,0.18,4.74,3.32,122.66,3.09,1.9,8005.81,7935.81,89904.06,64022.86,25881.2,4389.72,5235.43,14.68,3,13.1,5.47,7.98,0.7,55.74,56.87,63.83,54.84,-4.96,-5.37,-6.35,-5.15,-44.26,-43.13,-36.17,-45.16,7.52,7.55,7.53,7.57,110.37,2.66,2.43
2016-09-01,64823,52902,5221,20,6478,268702,178432,90270,206530,150772,55758,75434,26419,49014.55,241021,183293,57728,27728,27333,395,40.43,241.33,167.55,70.44,217.71,323.54,48.59,124960.91,0.39,835.6,266.2,569.4,165.04,2612.56,63.17,1462,158.8,1303.2,607.67,1.2,606.47,5275.27,11.6,5263.67,9014.8,59790.29,14220.7,14205.37,4.43,125.46,-0.21,4.56,3.11,122.75,3,1.97,7996.81,7926.83,92480.28,64449.98,28030.3,3903.53,5061.03,14.69,3,13.12,5.48,8.19,0.88,55.91,56.77,63.66,54.76,-5.06,-5.75,-6.83,-5.5,-44.09,-43.23,-36.34,-45.24,7.51,7.54,7.5,7.54,109.79,2.94,2.49
2016-10-01,66608,52019,5565,20,8800,271802,181270,90532,208470,151287,57183,76042,26996,49045.65,243349,184297,59052,30434,30031,403,12.96,82.86,156.37,60.08,186.84,321.55,21.84,49747.39,0.44,709,226,483,138.16,2029.39,68.08,1401.3,159.8,1241.5,605.94,1.6,604.34,5881.21,13.2,5868.01,9063.2,66109.2,13605.94,13591,4.42,126.33,0.69,4.76,3.82,123.2,3.04,2.35,7962.48,7893.13,93571.68,64308.98,29262.7,5917.67,5461.7,14.68,3,13.1,5.49,7.96,0.7,55.39,56.18,62.94,54.2,-5.31,-6.68,-7.82,-6.4,-44.61,-43.82,-37.06,-45.8,7.48,7.51,7.49,7.52,110.34,1.75,2.41
2016-11-01,63825,51720,4382,20,7493,274573,182627,91946,209433,153034,56399,77747,27164,50582.68,244481,186205,58276,29721,29307,414,12.85,77.7,165.43,60.02,181.12,331.37,48.05,108018.49,0.44,853.8,295.6,558.2,139.9,2282.77,61.29,1554.7,169,1385.7,600.34,1.5,598.84,6481.56,14.7,6466.86,9003.6,39466.84,24822.93,24818.71,4.67,126.82,0.39,4.67,4.22,123.68,3.09,2.75,8014.39,7946.74,92273.44,65641.84,26631.6,4209.96,5779.69,14.7,3,13.08,5.49,8.03,0.78,55.15,55.35,62.7,53.21,-4.61,-6.63,-7.24,-6.53,-44.85,-44.65,-37.3,-46.79,7.49,7.52,7.49,7.53,114.99,3.17,2.48
2016-12-01,68741,59063,5579,40,3849,274601,179370,95231,211735,155662,56073,81587,29642,51945.12,249283,191351,57932,25281,24860,421,24.9,156.18,159.46,51.1,157.24,325,95.93,218073.6,0.44,974.5,312.2,662.3,170.61,2443.05,69.84,1483,182,1301,678.41,1.1,677.31,7159.97,15.8,7144.17,9160.4,57469.8,25476.08,25129.53,4.68,126.83,0.01,4.23,4.23,124.09,3.09,3.09,8015.5,7951.4,89681.44,65641.84,24039.6,4692.41,8001.04,14.82,3,13.03,5.44,8.44,1.16,55.16,55.07,62.66,52.87,-3.51,-5.84,-6.48,-5.74,-44.84,-44.93,-37.34,-47.13,7.49,7.52,7.53,7.57,120.7,4.7,2.68
2017-01-01,67623,54169,4699,40,8509,279745,185773,93972,210711,155117,55594,80079,28871,51208.19,247566,190101,57465,30006,29584,422,44.12,262.96,167.78,61.09,184.95,330.31,79.44,169555.55,0.47,879,275.1,603.9,167.01,2348.2,71.12,1431.8,165.9,1265.9,587.63,1.4,586.23,587.63,1.4,586.23,9065.2,75202.8,21781.52,21766.66,4.42,127.49,0.52,3.83,0.52,124.2,3.21,0.09,7983.97,7919.27,93548.44,66112.84,27435.6,5497.9,4252.42,14.69,3,13.05,5.45,8.88,1.56,55.28,55.03,62.63,52.79,-3.01,-5.2,-6.07,-5.01,-44.72,-44.97,-37.37,-47.21,7.5,7.53,7.45,7.49,115.43,5.19,5.19
2017-02-01,66579,54634,5704,40,5994,279250,185840,93410,211625,154989,56635,79999,29629,50370.09,249373,190885,58489,28469,27451,1018,68.66,394.68,173.96,61.41,186.89,328.62,96.64,224850.22,0.43,942,284.5,657.5,129.39,1838.1,70.39,1352.4,146.5,1205.9,613.9,1,612.9,1201.53,2.4,1199.13,9267.5,46975.65,23651.26,23500.58,4.4,127.92,0.34,3.96,0.86,124.52,3.15,0.35,7944.78,7880.2,92085.99,66892.09,25193.9,3886.45,4451.22,14.68,3,13.05,5.45,8.75,1.44,54.44,54.57,61.63,52.47,-4.56,-6.27,-7.46,-5.98,-45.56,-45.43,-38.37,-47.53,7.39,7.42,7.36,7.39,114.25,4.38,4.79
2017-03-01,67310,55393,5317,40,6350,281058,188359,92699,211524,155879,55645,80133,30114,50018.74,249828,192324,57504,28392,27024,1368,92.4,525.58,175.81,73.23,221.71,330.29,121.01,286143.43,0.42,1086.9,335.8,751.1,201.36,2959.62,68.04,1603.6,191.5,1412.1,739.82,1.3,738.52,1941.35,3.7,1937.65,9424.5,46414.89,35068.02,34782.81,4.22,128.23,0.24,4,1.1,125.05,3.13,0.77,7906.4,7842.1,96158.99,68276.89,27882.1,5250.89,4831.75,14.67,3,13.08,5.44,8.73,1.39,54.02,54.43,61.17,52.42,-6.16,-7.99,-8.58,-7.87,-45.98,-45.57,-38.83,-47.58,7.34,7.37,7.32,7.35,118.03,4.48,4.68
2017-04-01,69387,57942,5560,40,5632,281526,188480,93046,212423,157684,54738,82009,30575,51433.47,251199,194592,56607,28582,26543,2039,93.82,537.07,174.7,61.63,188.46,326.99,104,235199.16,0.44,947.1,279.7,667.4,186.18,2611.58,71.29,1346.8,163.6,1183.2,639.88,1.1,638.78,2581.23,4.8,2576.43,9792.7,34133.77,31017.12,30880.35,4.38,128.56,0.26,4.09,1.36,125.15,3.07,0.85,7870.29,7805.75,96874.67,68185.87,28688.8,5980.8,5430.09,14.7,3,13.08,5.42,8.64,1.28,53.89,54.46,60.92,52.52,-6.83,-8.63,-9.02,-8.57,-46.11,-45.54,-39.08,-47.48,7.32,7.35,7.32,7.35,114.68,2.16,4.05
2017-05-01,67888,55303,4953,40,7377,283635,191056,92579,214297,157521,56776,81224,30258,50966.62,252819,194157,58663,30894,28914,1980,94.13,545.53,172.55,65.76,197.79,332.47,95.56,206156.5,0.46,978,296.4,681.6,120.36,1843.58,65.29,1555.9,184.2,1371.7,747.43,1.8,745.63,3328.66,6.6,3322.06,9916,40186.81,35354.11,34680.01,4.2,128.96,0.31,3.93,1.68,125.29,2.94,0.96,7859.4,7794.59,96872.93,69530.83,27342.1,4173.75,5402.87,14.66,3,13.04,5.41,8.76,1.42,53.79,54.37,60.58,52.51,-5.93,-7.01,-8.19,-6.7,-46.21,-45.63,-39.42,-47.49,7.32,7.35,7.34,7.37,113.73,2.34,3.7
2017-06-01,70529,57865,5512,40,6892,284012,190837,93175,215747,159855,55892,82079,30309,51769.95,254349,196578,57771,30525,28351,2174,95.82,572.72,167.31,58.64,175.06,334.99,64.2,135039.23,0.48,901.1,245.7,655.4,147.74,2311.54,63.91,1510,170.3,1339.7,723.71,1,722.71,4052.37,7.6,4044.77,10793.9,72034.79,20393.32,20279.67,4.17,130.07,0.86,4.36,2.55,125.74,2.97,1.33,8344.87,8282.91,99070.92,69793.62,29277.3,4876.81,4852.4,14.7,3,13.05,5.4,8.32,0.99,53.39,54.27,60.16,52.5,-6.44,-6.55,-8.19,-6.1,-46.61,-45.73,-39.84,-47.5,7.32,7.35,7.32,7.34,111.54,2.81,3.56
2017-07-01,72242,56448,4889,40,10648,287501,194559,92943,215803,160509,55294,82111,31175,50935.97,255218,198092,57125,35096,32893,2203,85.55,506.16,169.01,67.37,200.09,336.7,58.97,143082.36,0.41,906.2,243.7,662.5,135.57,2081.4,65.13,1518,173.6,1344.4,664.19,1.3,662.89,4716.56,8.9,4707.66,11024.9,96025.83,18087.87,17758.16,4.47,132.04,1.51,5.22,4.11,126.1,2.89,1.62,8309.74,8248.35,102209.92,70183.62,32026.3,6497.24,6236.01,14.68,3,13.06,5.37,7.45,0.14,52.25,53.37,58.89,51.7,-7.11,-6.82,-8.89,-6.22,-47.75,-46.63,-41.11,-48.3,7.28,7.32,7.26,7.29,113.71,3.99,3.62
2017-08-01,72875,56770,5105,40,10739,287742,194666,93076,217682,161744,55938,81717,30524,51192.9,256382,198655,57727,35867,33649,2218,67.5,425.78,158.53,75.45,226.77,332.73,65.58,155530.37,0.42,890.4,246.6,643.8,137.51,1962.05,70.08,1600.1,178.1,1422,707.84,1.2,706.64,5424.4,10.1,5414.3,11277.9,67922.39,22912.06,22476.87,4.48,131.65,-0.3,4.72,3.8,126.05,2.77,1.58,8286.06,8224.53,104702.85,70142.15,34560.7,4301.64,5355.82,14.65,3,13.06,5.35,7.97,0.6,52.38,53.72,58.84,52.17,-6.03,-5.54,-7.82,-4.87,-47.62,-46.28,-41.16,-47.83,7.26,7.29,7.27,7.31,113.87,3.17,3.56
2017-09-01,74398,58518,4993,45,10622,289230,195205,94026,218507,162891,55615,82404,30739,51664.79,257540,200075,57465,35786,33704,2082,47.5,312.81,151.85,69.12,209.86,329.35,22.42,44407.09,0.5,837.1,249.3,587.8,139.63,1797.65,77.67,1464.4,154.4,1310,672.94,1,671.94,6097.34,11.1,6086.24,11268.4,81353.67,17250.13,16991.29,4.6,130.93,-0.55,4.36,3.23,126.25,2.86,1.74,8243,8182.06,105030.08,70223.08,34807,4039.32,5296.92,14.69,3,13.05,5.35,8.33,0.95,53.16,54.57,59.44,53.09,-4.91,-3.88,-6.63,-3.06,-46.84,-45.43,-40.56,-46.91,7.29,7.32,7.33,7.37,112.11,2.12,3.4
2017-10-01,76337,58993,5053,45,12030,292208,197796,94412,218549,163244,55304,82692,31319,51372.07,258193,201047,57146,37413,35326,2087,20.4,131.31,155.37,73.15,221.49,330.26,19.75,50486.07,0.39,851.7,242.7,609,169.96,2378.85,71.45,1693.8,172.2,1521.6,728.27,1.7,726.57,6825.61,12.8,6812.81,11494.4,64701.75,20322.89,20256.88,4.5,131.64,0.54,4.2,3.79,126.79,2.91,2.17,8245.09,8184.33,107024.74,70522.84,36501.9,6300.71,5532.79,14.65,3,13.08,5.33,8.52,1.08,53.12,54.17,59.58,52.53,-4.1,-3.58,-5.34,-3.08,-46.88,-45.83,-40.42,-47.47,7.32,7.36,7.32,7.36,113.77,3.11,3.37
2017-11-01,75417,57641,4709,45,12806,294820,199722,95098,220291,165268,55023,84146,31170,52976.35,259776,202938,56838,39194,37104,2090,14.88,102.7,144.85,64.77,194.2,333.53,36.51,106421.13,0.34,875.4,243.6,631.8,153.33,1934.89,79.25,1569.1,180.5,1388.6,646.3,1.1,645.2,7471.91,13.9,7458.01,11572.6,41663.09,27715,27636.45,4.49,132.77,0.86,4.69,4.68,127.29,2.92,2.58,8233.88,8173.42,109594.81,71938.41,37656.4,4443.56,5717.32,14.67,2.75,13.05,5.32,7.98,0.6,52.58,53.66,59.16,52,-4.66,-3.04,-5.63,-2.28,-47.42,-46.34,-40.84,-48,7.31,7.35,7.32,7.36,117.03,1.78,3.22
2017-12-01,81609,66347,6389,61,8596,292223,196380,95843,225332,169252,56081,89788,33792,55996.22,267489,209575,57914,34414,32456,1958,23.22,167.17,138.92,49.96,151.09,330.65,60.92,146510.48,0.42,887.3,266.9,620.4,246.06,3167.8,77.68,1744.6,168.2,1576.4,720.31,1.1,719.2,8192.22,15,8177.22,11769.5,79884.99,21927.04,21844.22,4.53,134.03,0.95,5.68,5.68,127.72,2.92,2.92,8181.47,8123.21,106055.22,72735.92,33319.3,4595.64,9915.18,15,2.75,13,5.28,6.93,-0.38,52.13,53.36,58.96,51.67,-5.49,-3.1,-5.91,-2.27,-47.87,-46.64,-41.04,-48.33,7.32,7.36,7.33,7.36,122.66,1.63,3.08
2018-01-01,79084,60421,4164,61,14217,297733,202025,95708,225005,168513,56492,87039,32450,54589.67,265852,207523,58329,39174,37724,1450,45.77,319.34,143.32,52.34,156.18,335.14,83.45,202284.6,0.41,879.4,245,634.4,186.59,2243.53,83.17,1566.4,192.9,1373.5,634.58,1.5,633.08,634.58,1.5,633.08,11345.9,76886.79,18164.2,18146.63,4.88,133.5,-0.4,4.71,-0.4,127.52,2.67,-0.16,8164.54,8106.66,109247.52,72728.92,36518.6,5982.94,4325.89,14.67,2.75,13.07,5.27,7.98,0.53,52.64,54.22,59.31,52.7,-4.78,-1.47,-5.3,-0.17,-47.36,-45.78,-40.69,-47.3,7.33,7.36,7.33,7.37,117.61,1.89,1.89
2018-02-01,79183,60335,4597,61,13968,297605,202540,95065,225779,169236,56543,87207,32419,54788.03,266608,208263,58345,38359,37006,1353,61.67,419.87,146.88,62.5,185.82,336.31,68.45,160061.8,0.43,928.3,274.6,653.7,157.89,1945.59,81.15,1425.6,177,1248.6,630.1,1,629.1,1264.68,2.5,1262.18,11475.2,34553.04,14972.42,14696.45,4.67,133.23,-0.2,4.15,-0.6,127.79,2.62,0.06,8158.21,8100.34,110389.31,74022.41,36366.9,4064.75,4655.6,14.65,2.75,13.05,5.27,8.54,1.07,53.12,54.93,59.69,53.5,-2.43,0.66,-3.16,1.95,-46.88,-45.07,-40.31,-46.5,7.34,7.38,7.35,7.39,117.44,2.79,2.34
2018-03-01,80393,62313,5169,71,12615,298930,202678,96253,228383,170990,57393,88997,33666,55330.94,270499,211333,59165,37329,35973,1356,83.75,551.29,151.92,73.51,223.31,329.18,97.44,266478.91,0.37,1065.3,298.7,766.6,192.46,2380.54,80.85,1486.8,153.5,1333.3,754.49,1.2,753.29,2019.17,3.7,2015.47,11740.8,42057.23,17950.54,17814.02,4.55,133.54,0.23,4.14,-0.37,128.38,2.67,0.52,8139.69,8081.67,111245.56,75006.26,36239.3,5140.89,4982.28,14.74,2.75,13.01,5.25,8.52,1.06,53.35,55.12,59.85,53.69,-1.24,1.27,-2.15,2.43,-46.65,-44.88,-40.15,-46.31,7.38,7.41,7.37,7.41,121.56,2.99,2.56
2018-04-01,80826,60383,4805,71,15341,303238,206030,97207,230590,171812,58779,88222,33141,55080.97,272237,211688,60549,40955,39571,1384,89.44,583.08,153.39,65.4,193.56,337.89,68.99,182390.82,0.38,943.9,278.9,665,183.36,2120.63,86.47,1657.6,182.4,1475.2,769.95,1.3,768.65,2789.12,5,2784.12,11845.9,42436.58,15020.21,15007.35,4.42,133.6,0.04,3.92,-0.32,128.43,2.62,0.56,8118.4,8061.12,114403.9,75766.7,38637.2,6306.52,5744.92,14.67,2.75,13.02,5.25,8.76,1.28,53.67,55.39,60.03,53.99,-0.42,1.71,-1.46,2.79,-46.33,-44.61,-39.97,-46.01,7.39,7.42,7.39,7.43,119.59,4.28,2.99
2018-05-01,79470,60519,5336,71,13304,302568,205043,97525,232540,172148,60393,87443,32643,54800.01,273676,211522,62154,39040,37812,1228,99.15,634.86,156.18,70.76,207.08,341.7,64.66,186319.12,0.35,956.8,257.3,699.5,249.83,2738.87,91.22,1881.1,228.8,1652.3,808.55,1.1,807.45,3597.67,6.1,3591.57,11849.5,31975.36,20894.49,20754.19,4.31,134.23,0.47,4.09,0.15,128.58,2.63,0.68,8102.32,8045.74,114374.17,76648.77,37725.4,4554.53,5530.23,14.66,2.75,12.98,5.22,8.54,1.09,53.89,54.83,59.96,53.29,0.19,0.84,-1.02,1.48,-46.11,-45.17,-40.04,-46.71,7.43,7.46,7.46,7.5,118.86,4.51,3.29
2018-06-01,80734,61354,5838,71,13230,303823,206069,97753,232361,173401,58959,87647,32842,54804.3,273713,213004,60709,39303,37914,1389,94.09,605.36,155.42,59.94,176.42,339.76,27.07,67317.4,0.4,906.9,246,660.9,220.42,2459.65,89.62,1605.2,200.5,1404.7,801.42,1.4,800.02,4399.09,7.5,4391.59,11979.2,64075.08,16339.74,15930.96,4.35,135,0.57,3.79,0.72,129.02,2.6,1.02,8088.04,8032.62,115466.67,77187.37,38279.3,4541.11,6038.93,14.6,2.75,12.94,5.21,8.82,1.37,53.97,54.49,59.94,52.87,1.08,0.41,-0.37,0.7,-46.03,-45.51,-40.06,-47.13,7.47,7.5,7.48,7.51,116.15,4.13,3.42
2018-07-01,81955,61721,5200,71,14728,306188,208559,97629,232959,174156,58803,88004,33642,54361.52,275035,214518,60518,41239,39698,1541,69.74,456.37,152.82,65.84,194.09,339.23,38.16,99214.31,0.38,899,271.2,627.8,113.73,1286.82,88.38,1658.3,181.9,1476.4,818.35,1.3,817.05,5217.44,8.8,5208.64,12127.1,61675.02,21438.23,21121.47,4.26,135.48,0.36,2.61,1.08,129.42,2.63,1.33,8065.43,8012.34,120084.89,78086.19,41998.7,6891.19,6817.12,14.65,2.75,12.96,5.17,10.09,2.5,53.75,54.43,59.73,52.85,2.86,1.99,1.43,2.21,-46.25,-45.57,-40.27,-47.15,7.47,7.5,7.47,7.5,118.03,3.8,3.48
2018-08-01,82847,61774,6036,71,14728,307494,209658,97836,236252,175804,60447,88533,33406,55126.42,278182,216009,62173,40117,38740,1377,57.94,387.09,149.67,81.12,237.12,342.11,39.97,99513.35,0.4,935.6,283.1,652.5,231.85,2639.25,87.85,1751.8,202.5,1549.3,860.43,1.1,859.33,6077.87,9.9,6067.97,12535.8,37263.96,27142.95,26799.49,4.07,136.08,0.44,3.36,1.53,129.57,2.79,1.45,8305.12,8252,118862.8,79504.5,39358.3,4466.75,6183.84,14.68,2.75,12.92,5.15,9.24,1.73,53.72,54.33,59.71,52.72,2.56,1.14,1.49,1.06,-46.28,-45.67,-40.29,-47.28,7.49,7.52,7.56,7.59,117.68,3.35,3.46
2018-09-01,79673,62791,5732,71,10827,309678,209741,99937,238704,176296,62409,88358,33854,54503.92,281047,216909,64139,38072,36753,1319,31.59,216.88,145.66,78.77,231.58,340.16,42.7,113318.04,0.38,837,263.1,573.9,161.73,1817.99,88.96,1579.1,165.6,1413.5,745.98,1.2,744.78,6823.85,11.1,6812.75,12309.2,57974.8,23170.36,22963.71,4.12,136.89,0.6,4.55,2.13,129.81,2.82,1.64,8272.86,8220.28,117590.54,80706.24,36884.3,4175.18,5720.8,14.69,2.75,12.87,5.13,7.96,0.55,54.59,55.15,60.42,53.58,2.67,1.07,1.64,0.93,-45.41,-44.85,-39.58,-46.42,7.65,7.68,7.69,7.71,115.19,2.75,3.38
2018-10-01,79117,63701,5519,86,9559,311304,211083,100221,237993,176525,61468,88993,34719,54274.7,281374,218186,63189,37825,36530,1295,13.98,100.85,138.62,75.16,220.32,341.12,14.26,38927.02,0.37,858.3,246.1,612.2,223.54,2430.91,91.96,1846.1,183.4,1662.7,863.52,1.6,861.92,7687.37,12.7,7674.67,12357.4,43939.39,32834.67,31795.43,4.3,137.35,0.34,4.34,2.48,130.42,2.86,2.11,8246.54,8194.1,118070.68,81611.78,36458.9,6728.53,6158.04,14.69,2.75,12.85,5.11,8.16,0.74,54.93,55.34,60.62,53.76,3.42,2.16,1.74,2.34,-45.07,-44.66,-39.38,-46.24,7.71,7.74,7.71,7.73,117.97,3.69,3.41
2018-11-01,79223,64030,5713,86,9145,312972,212765,100208,240061,178641,61420,90913,34778,56134.28,283482,220363,63119,38033,36775,1258,9.82,78.68,124.85,62.27,182.7,340.84,26.35,73454.53,0.36,859.8,265.7,594.1,169.86,2198.63,77.26,1693.4,186.9,1506.5,757.08,1.3,755.78,8444.45,14,8430.45,12472.4,10306.11,45541.69,45532.87,4.44,136.95,-0.29,3.15,2.18,131.03,2.94,2.59,8228.6,8176.14,122093.14,82249.34,39843.8,4704.74,6807.31,14.69,2.75,12.81,5.09,9.37,1.88,54.7,54.74,60.18,53.11,4.04,2,1.73,2.13,-45.3,-45.26,-39.82,-46.89,7.68,7.71,7.68,7.73,121.21,3.57,3.43
2018-12-01,86906,71166,7467,86,7938,313342,212901,100441,247101,183664,63437,97450,37517,59933.44,293303,228158,65145,35736,34661,1075,23,182.81,125.8,56.35,166.42,338.6,61.39,170920.37,0.36,899.3,265.3,634,146.73,2268.65,64.68,1522.9,171.6,1351.3,843.34,1.2,842.14,9287.79,15.2,9272.59,12755.6,63529.44,14291.76,13485.67,4.24,137.13,0.13,2.31,2.31,131.5,2.96,2.96,8224.65,8175.14,117144.03,82446.03,34698,4588.06,9745.54,14.91,2.75,12.72,5.05,10.17,2.68,54.69,54.91,60.42,53.27,4.92,2.91,2.48,3.09,-45.31,-45.09,-39.58,-46.73,7.71,7.75,7.72,7.75,125.39,2.22,3.32
2019-01-01,83136,64544,5195,86,13056,321212,220946,100266,245910,182421,63489,94825,36507,58318.54,291181,225973,65208,41213,40338,875,39.31,295.26,133.14,67.34,195.23,344.95,34.5,98129.24,0.35,855.8,260.1,595.7,143.32,2164.5,66.21,1685.6,214.4,1471.2,688.1,1.6,686.5,688.1,1.6,686.5,12452.4,73869.88,16015.87,15591.78,4.03,138.98,1.35,4.1,1.35,131.27,2.94,-0.17,8214.38,8164.76,123417.59,83233.49,40184.1,6271.71,5222.03,14.68,2.75,12.74,5.05,8.29,0.91,54.07,54.55,59.34,53.15,2.71,0.6,0.05,0.85,-45.93,-45.45,-40.66,-46.85,7.71,7.75,7.74,7.79,121.78,3.54,3.54
2019-02-01,83341,66174,5626,86,11199,320397,220083,100314,247268,183356,63912,95007,36571,58435.82,292629,227045,65584,39295,38414,881,67.15,479.8,139.96,63.24,183.71,344.23,44.64,122586.63,0.36,894.2,265.1,629.1,196.49,2693.03,72.96,1459.5,143.5,1316,690.5,1,689.5,1378.6,2.6,1376,12557.2,15138.38,24677.76,14186.04,4.23,139.17,0.14,4.46,1.49,131.59,2.98,0.07,8166.29,8116.89,122950.26,84804.46,38145.8,4199.8,5342.9,14.68,2.75,12.77,5.03,7.96,0.55,54.23,54.71,59.31,53.36,2.09,-0.4,-0.62,-0.26,-45.77,-45.29,-40.69,-46.64,7.71,7.75,7.68,7.73,122.36,4.19,3.87
2019-03-01,85968,67545,5803,61,12301,322300,222332,99968,248447,185572,62875,96639,37268,59371.29,294654,230097,64557,40045,39230,815,78.58,549.52,143,85.39,248.15,344.1,92.05,276576.85,0.33,1064.5,291.7,772.8,217.89,2729.38,79.83,1626.7,165.8,1460.9,826.7,1.2,825.5,2205.3,3.8,2201.5,12759.2,54199.53,20389.22,19845.52,4.34,139.11,-0.04,4.17,1.44,132.09,2.89,0.45,8129.39,8080.06,125486.77,85501.07,39985.7,5491.21,5935.41,14.68,2.75,12.79,5.02,8.27,0.81,54.24,54.62,59.32,53.24,1.67,-0.91,-0.89,-0.84,-45.76,-45.38,-40.68,-46.76,7.67,7.71,7.68,7.71,125.91,3.58,3.77
2019-04-01,86020,66425,5757,61,13518,326505,226669,99837,250574,187801,62773,98126,37573,60552.71,297140,232682,64458,42160,41456,704,82.12,565.84,145.13,66.45,193.46,343.48,71.52,203310.22,0.35,918.3,248,670.3,235.79,2792.56,84.44,1622.4,179.2,1443.2,865.2,1.4,863.8,3070.5,5.2,3065.3,12845.9,53279.95,23809.23,23393.56,4.32,139.95,0.6,4.75,2.06,132.27,2.98,0.58,8078.57,8029.6,125773.58,86620.88,39152.7,6505.2,7288.72,14.65,2.75,12.75,5.01,7.63,0.25,53.88,54.24,58.98,52.85,0.41,-2.08,-1.76,-2.11,-46.12,-45.76,-41.02,-47.15,7.62,7.66,7.63,7.68,124,3.69,3.75
2019-05-01,85126,67492,5755,63,11555,326781,225912,100869,250786,188314,62472,97470,37380,60090.26,297281,233117,64164,40405,39686,719,97.5,676.09,144.21,65.61,190.78,343.89,55.78,160520.33,0.35,948.2,251.4,696.8,192.56,2342.61,82.2,1775.2,201,1574.2,974.5,1.1,973.4,4045,6.3,4038.7,14070.1,32563.22,30300.67,30042.65,4.42,140.32,0.26,4.54,2.33,132.43,3,0.71,9263.17,9214.06,126401.37,87425.37,38976,4965.35,5886.55,14.64,2.75,12.74,5.1,7.85,0.54,54.05,54.15,59.27,52.66,0.31,-1.24,-1.16,-1.19,-45.95,-45.85,-40.73,-47.34,7.65,7.69,7.7,7.74,123.77,4.13,3.82
2019-06-01,87961,69737,5683,63,12220,327470,226599,100870,251656,190185,61471,98151,37799,60351.91,298712,235516,63197,40963,40239,724,88.78,623.08,142.48,59.04,171.57,344.11,60.31,173006.24,0.35,952.3,260.1,692.2,189.37,2562.65,73.9,1525.3,148.4,1376.9,882,1.1,880.9,4927,7.4,4919.6,14279.8,68894.5,22736.51,22363.86,4.4,141.48,0.83,4.8,3.17,132.96,3.05,1.11,9251.46,9204.51,129208.38,87593.28,41615.1,4548.95,6765.62,14.68,2.75,12.75,5.08,7.59,0.27,53.84,53.93,59.04,52.44,-0.23,-1.03,-1.49,-0.81,-46.16,-46.07,-40.96,-47.56,7.68,7.72,7.69,7.72,120.01,3.33,3.74
2019-07-01,88628,69055,5079,53,14190,330837,230300,100537,253329,191499,61830,98692,38588,60104.67,301208,237588,63619,43992,43268,724,70.51,528.94,133.3,73.71,214.99,342.84,46.68,133769.39,0.35,918.1,227,691.1,177.02,2268.69,78.03,1704,169.2,1534.8,947.8,1.2,946.6,5874.8,8.6,5866.2,14386.4,59588.56,24277.82,24276.93,4.57,141.4,-0.06,4.37,3.11,133.49,3.15,1.51,9215.04,9168.26,128933.12,87920.82,41012.3,7334.97,6992.92,14.66,2.75,12.77,5.03,8.05,0.63,53.76,53.98,59.1,52.49,0.02,-0.84,-1.07,-0.68,-46.24,-46.02,-40.9,-47.51,7.66,7.69,7.66,7.7,122.5,3.79,3.75
2019-08-01,89884,69070,6451,54,14052,332042,231182,100860,255526,193113,62413,99461,38798,60663.5,303752,239558,64194,45029,44290,739,54.45,391.6,139.04,77.83,225.84,344.65,65.64,196369.05,0.33,958.1,226.9,731.2,182.83,2522.76,72.47,1737.2,194.8,1542.4,980.6,1,979.6,6855.4,9.6,6845.8,14700.1,21495.6,32081.93,31589.19,4.6,140.18,-0.86,3.01,2.22,133.59,3.1,1.58,9177,9131.1,132640.68,87908.68,44732,4780.6,6656.64,14.67,2.75,12.79,5,9.49,1.93,54.21,54.03,59.6,52.42,0.91,-0.55,-0.19,-0.58,-45.79,-45.97,-40.4,-47.58,7.65,7.69,7.66,7.7,121.6,3.33,3.7
2019-09-01,89652,68986,5910,54,14438,334823,233602,101221,258158,194808,63350,100012,39272,60740.29,306858,241739,65119,46620,45859,761,37.38,282.57,132.29,75.23,215.72,348.73,45.41,134971.52,0.34,876.9,214.2,662.7,144.5,1998.25,72.31,1578.5,161.2,1417.3,892.3,1.3,891,7747.7,10.9,7736.8,14516,49886.62,15278.46,15137.76,4.33,139.36,-0.58,1.8,1.63,133.64,2.95,1.63,9139.31,9093.88,132064.32,87470.02,44594.3,4565.13,6487.66,14.65,2.75,12.78,4.99,10.78,3.13,54.85,54.58,59.99,53.01,0.48,-1.04,-0.7,-1.06,-45.15,-45.42,-40.01,-46.99,7.69,7.73,7.72,7.77,120.29,4.43,3.78
2019-10-01,90479,72015,5587,54,12558,334914,234532,100382,258127,195494,62633,100495,40124,60370.33,307871,243413,64459,45946,45178,768,13.92,112.06,124.26,79.15,227.49,347.94,63.88,177204.97,0.36,875.8,226.2,649.6,200.3,2662.52,75.23,1868.7,194.8,1673.9,1000,1.4,998.6,8747.7,12.3,8735.4,14631,36162.4,21123.01,20518.81,4.18,140.33,0.7,2.17,2.33,134.34,3.01,2.16,9125.33,9079.79,131862.39,87210.19,44652.2,7462.02,6929.2,14.67,2.75,12.7,4.96,10.31,2.73,54.93,54.76,59.87,53.27,0,-1.04,-1.23,-0.91,-45.07,-45.24,-40.13,-46.73,7.74,7.77,7.68,7.73,122.31,3.68,3.77
2019-11-01,91210,71631,5495,54,13770,337682,237558,100124,261493,197933,63560,103241,40983,62257.47,312079,246645,65434,47734,46963,771,10.76,87.23,123.32,58.75,165.2,355.61,40.85,119979.81,0.34,916.8,229.3,687.5,203.61,2769.09,73.53,1753.9,149.4,1604.5,819.9,1.3,818.6,9567.6,13.6,9554,14604.1,16518.52,35759.82,35604.73,4.05,140.95,0.44,2.92,2.79,135.06,3.08,2.7,9113.67,9068.29,134013.2,87211.3,46801.9,4927.64,6662.34,14.69,2.75,12.67,4.95,9.47,1.97,54.28,54.29,59.38,52.8,-0.77,-0.82,-1.34,-0.58,-45.72,-45.71,-40.62,-47.2,7.68,7.72,7.68,7.73,126.81,4.62,3.85
2019-12-01,98100,79231,6641,49,11922,336386,237477,98908,266426,203378,63048,110144,43914,66229.79,318967,254612,64355,44670,43893,777,21.94,170.84,128.44,60.2,172.63,348.7,73.33,232766.31,0.32,990.5,219.8,770.7,169.41,2316.65,73.13,1544.6,167.6,1377,940.8,1.1,939.7,10508.4,14.7,10493.7,14789,49325.43,25119.5,24867.68,3.89,141.8,0.6,3.41,3.41,135.61,3.12,3.12,9105.81,9063.37,131077.4,87312.2,43765.2,5415.52,9666.32,14.87,2.75,12.64,4.91,8.93,1.45,53.8,54.02,59.15,52.52,-1.64,-1.62,-2.09,-1.39,-46.2,-45.98,-40.85,-47.48,7.67,7.7,7.69,7.71,130.5,4.08,3.87
2020-01-01,96864,75671,5620,49,15264,341040,242095,98945,266661,202585,64076,107295,42752,64543,318666,252971,65694,49085,48298,787,50.68,350.5,144.6,64.91,187.9,345.45,60.85,184806.6,0.33,1009.8,239.4,770.4,181.49,2337.7,77.64,1736.3,184.1,1552.2,834.6,1.4,833.2,834.6,1.4,833.2,14895.4,45440.53,13308.3,13197.18,4.07,141.46,-0.24,1.78,-0.24,134.64,2.56,-0.71,9105.51,9062.31,137338.26,87165.56,50172.7,6917.24,5473.68,14.66,2.75,12.65,4.87,10.68,3.03,54.15,54.72,59.31,53,0.16,0.32,-0.05,-0.27,-45.85,-45.28,-40.69,-47,7.67,7.71,7.64,7.69,127.36,4.58,4.58
2020-02-01,96582,76017,5946,39,14316,342648,242896,99753,267816,203730,64086,108119,42977,65141,320163,254422,65741,49227,48644,583,67.05,452.4,148.2,73.08,210.9,346.49,58.4,165152.4,0.35,1031.8,230.5,801.3,188.59,2814.6,67.01,1533.3,168.2,1365.1,808,0.9,807.1,1642.6,2.3,1640.3,15203.2,36726.78,18564.15,18548.72,3.92,140.89,-0.4,1.24,-0.64,134.77,2.41,-0.62,9040.42,8998.25,140645.66,88225.76,52419.9,4577.29,5101.34,14.68,2.75,12.68,4.84,11.3,3.56,54.21,54.54,59.2,52.8,-0.04,-0.31,-0.19,-1.04,-45.79,-45.46,-40.8,-47.2,7.63,7.67,7.65,7.71,125.48,2.55,3.56
2020-03-01,96459,76647,6918,39,12584,348000,244559,103441,274816,205904,68913,110845,44322,66523,328400,257883,70517,46993,46722,271,74.31,477.2,155.73,82.96,238.4,348,81.12,233185.6,0.35,1003.6,197.1,806.5,140.61,2745.7,51.21,1469,172.5,1296.5,746.8,0.7,746.1,2389.4,3,2386.4,15337.7,51156.3,22180.24,21792.32,3.86,141.57,0.48,1.77,-0.16,135.33,2.45,-0.21,9003.72,8961.58,135129.72,90033.32,45096.4,4014.3,6320.89,14.74,2,12.64,4.82,10.68,3,54.13,53.39,59.2,51.36,-0.21,-2.25,-0.19,-3.53,-45.87,-46.61,-40.8,-48.64,7.67,7.71,7.66,7.72,121.47,-3.53,1.15
2020-04-01,99258,80779,8039,39,10099,344139,242171,101968,276248,205570,70678,110719,45142,65577,330805,258420,72384,45259,44957,302,105.6,667.3,158.25,66.94,192.4,347.91,87.78,256983.5,0.34,827,128.5,698.5,48.95,1498.5,32.66,1362.8,180.5,1182.3,690.8,1,689.8,3080.2,4,3076.2,16549.4,16177.49,39619.11,35917.11,3.55,142.58,0.71,1.88,0.55,135.38,2.35,-0.17,10477.72,10435.81,137444.77,93482.77,43962,7218.79,6420.95,14.82,2,12.62,4.74,10.54,2.81,53.53,52.18,58.7,49.98,-0.67,-3.79,-0.47,-5.43,-46.47,-47.82,-41.3,-50.02,7.69,7.73,7.69,7.73,112.92,-8.94,-1.38
2020-05-01,102555,80723,6726,39,14759,350368,248416,101952,281233,209318,71916,114395,46533,67862,337151,263491,73660,49843,49535,308,90.9,553.7,164.17,64.12,184.9,346.78,76.29,235794.2,0.32,882.2,195.8,686.4,75.27,1962.3,38.36,1294.2,146.3,1147.9,836.8,1,835.8,3917,5,3912,16708.1,32478.4,18430.26,17982.06,3.78,142.85,0.19,1.8,0.74,135.45,2.28,-0.12,10462.27,10420.29,144829.55,93650.85,51178.7,3756.19,7611.77,14.82,2,12.66,4.73,10.66,2.88,53.35,52.1,58.4,49.96,-1.31,-3.78,-1.47,-5.12,-46.65,-47.9,-41.6,-50.04,7.68,7.71,7.67,7.7,111.27,-10.1,-3.13
2020-06-01,103844,82292,6464,39,14741,356657,254556,102100,286324,214889,71435,118381,47049,71332,342706,269571,73135,48478,48170,308,78.94,506.3,155.91,61.64,177.4,347.47,30.79,84067.7,0.37,763.3,187.2,576.1,93.06,1973.4,47.16,1296.2,143.5,1152.7,963.3,1.5,961.8,4880.3,6.5,4873.8,16991.8,92888.26,11597.71,11421.05,3.5,144.86,1.41,2.39,2.16,135.79,2.13,0.14,10448.61,10409.9,148302.46,100852.86,47449.6,3862.86,8817.08,14.92,1.75,12.65,4.68,10.02,2.24,52.91,52.1,57.68,50.14,-1.73,-3.4,-2.31,-4.38,-47.09,-47.9,-42.32,-49.86,7.68,7.71,7.69,7.72,110.9,-7.6,-3.85
2020-07-01,105190,84929,6709,39,13203,357371,256056,101315,289578,217518,72059,120471,49183,71288,348247,274433,73815,47259,46949,310,65.3,399.3,163.53,72.81,210.5,345.89,27.44,76229.6,0.36,909.6,221.5,688.1,84.61,1685.9,50.19,1441.6,147.2,1294.4,1078.7,1,1077.7,5959,7.5,5951.5,17398.1,102168.9,11069.94,10812.86,3.49,145.47,0.42,2.88,2.59,136.2,2.03,0.44,10423.2,10384.1,154844.36,105591.86,49252.5,6395.61,8132.72,14.7,1.75,12.46,4.6,9.31,1.67,52.94,52.14,57.45,50.26,-1.53,-3.4,-2.79,-4.24,-47.06,-47.86,-42.55,-49.74,7.68,7.71,7.69,7.73,117.3,-4.24,-3.91
2020-08-01,110981,82820,7016,24,20808,363514,262998,100516,295561,222705,72856,124117,49842,74275,354785,280331,74455,55714,55402,312,41.95,255.7,164.06,72.81,215,338.67,24.55,63191.6,0.39,898.3,235.2,663.1,105.21,2052.5,51.26,1443.8,183,1260.8,1050.2,1.2,1049,7009.2,8.7,7000.5,17623,101579.05,10004.47,9559.59,3.61,146.05,0.4,4.19,3,136.34,2.06,0.54,10389.4,10350.2,159545.19,105849.29,53695.9,4259.17,8490.33,14.7,1.75,12.48,4.56,7.96,0.36,52.96,52.27,57.03,50.53,-2.3,-3.27,-4.3,-3.6,-47.04,-47.73,-42.97,-49.47,7.69,7.72,7.71,7.76,120.29,-1.07,-3.56
2020-09-01,115809,84658,6737,24,24079,365486,265763,99723,299099,226902,72197,126920,50819,76101,359131,285483,73648,58790,58480,310,34.68,209.6,165.45,78.03,234.4,332.91,23.26,65510.2,0.36,894.2,232.2,662,91,1771.6,51.36,1495,155.8,1339.2,1051.3,1.1,1050.2,8060.5,9.8,8050.7,17611.2,198433.32,8847.02,8814.88,3.81,146.28,0.16,4.97,3.16,136.45,2.1,0.62,10346.33,10307.56,161504.4,107911.4,53593,4534.01,8624.12,14.68,1.75,12.48,4.51,7.16,-0.43,53.32,52.85,57.29,51.19,-2.78,-3.18,-4.5,-3.44,-46.68,-47.15,-42.71,-48.81,7.74,7.78,7.77,7.8,121.52,1.02,-3.06
2020-10-01,115049,88344,7348,24,19016,371283,268226,103057,303782,229344,74438,128703,51323,77380,364398,288474,75924,58792,58475,317,15.67,103.2,151.87,66.85,198.7,336.45,24.85,70989.8,0.35,912.9,251.7,661.2,134.31,2668.9,50.32,1670.9,190.3,1480.6,1133,1.8,1131.2,9193.5,11.6,9181.9,18314.8,122774.56,11216.92,10715.12,4.19,147.83,1.06,5.34,4.25,137.31,2.21,1.26,10416.26,10377.46,170518.3,108426.5,62091.8,7871.79,7836.64,14.7,1.75,12.33,4.46,6.63,-0.84,52.93,52.61,56.93,50.99,-3.64,-3.93,-4.92,-4.29,-47.07,-47.39,-43.07,-49.01,7.76,7.8,7.77,7.83,125.8,2.86,-2.47
2020-11-01,114700,87673,6696,24,19984,374192,271422,102770,307612,232251,75361,130815,52227,78588,369194,292335,76858,61510,61186,324,8.15,55.9,145.8,55.23,159,347.36,7.94,20380.7,0.39,884.3,222.8,661.5,145.73,2836.4,51.38,1682.9,170.8,1512.1,983.4,1.9,981.5,10176.9,13.5,10163.4,18249.4,49105.94,10653.7,10512.82,4.49,148.65,0.55,5.46,4.83,138.11,2.26,1.84,10410.41,10371.44,167602.1,108848.9,58753.2,5009.6,8197.71,14.67,1.75,12.32,4.42,6.5,-0.99,52.64,52.75,56.76,51.2,-3.02,-2.84,-4.41,-3.02,-47.36,-47.25,-43.24,-48.8,7.77,7.81,7.79,7.85,128.89,1.64,-2.08
2020-12-01,125561,103294,8383,24,13541,366391,265125,101267,311160,237744,73416,137937,56108,81829,376591,301591,75000,52175,51857,318,17.34,118.4,146.44,53.68,156.3,343.46,73.55,201530.1,0.36,1084.3,252.2,832.1,162.18,2790,58.13,1780.6,183.5,1597.1,1163.6,1.3,1162.3,11340.5,14.8,11325.7,18468.2,71872.71,10448.42,10268.96,4.49,148.64,-0.01,4.82,4.82,138.77,2.33,2.33,10449.77,10413.94,159014,107743.9,51270.1,5582.1,12501.76,14.88,1.75,12.33,4.35,7.16,-0.45,52.78,53.45,57.21,51.97,-1.89,-1.05,-3.28,-1.06,-47.22,-46.55,-42.79,-48.03,7.78,7.82,7.78,7.82,136.13,4.32,-1.52
2021-01-01,122668.01,93238.24,6818.87,24.2,22265,375141.31,274781.22,100360.09,312372.15,237140.53,75231.62,135905,54927,80979,376800,299988,76811.97,61834.3,61512.6,321.7,40.44,273.5,147.85,64.35,163.1,394.57,84.1,225711.8,0.37,1004,222.6,781.4,185.52,2933.7,63.24,1703.3,175.6,1527.7,906.8,1.3,905.5,906.8,1.3,905.5,18253.3,67558.51,8883.89,8853.18,4.33,148.87,0.15,5.24,0.15,138.26,2.69,-0.37,10411.52,10375.81,171887.52,107605.22,64282.3,7186.6,5677.25,14.76,1.75,12.34,4.32,6.75,-0.87,52.84,52.96,57.38,51.37,-2.42,-3.23,-3.26,-3.09,-47.16,-47.04,-42.62,-48.63,7.77,7.81,7.76,7.82,129.41,1.61,1.61
2021-02-01,122612.44,91909.63,7471.28,24.2,22879.9,377120.3,278362.16,98758.14,314042.68,238095.72,75946.96,135804,54657,81147,378211,300720,77491.2,64096.32,63768.89,327.43,62.15,373.8,166.26,64.09,182.2,351.75,63.27,178660.8,0.35,1030.9,224.5,806.4,157.89,2299.4,68.67,1759.9,185.7,1574.2,942.9,0.9,942,1849.7,2.2,1847.5,18374.4,21830.12,11693.3,11518.47,4.56,149.34,0.32,6,0.47,138.42,2.71,-0.25,10365.87,10330.22,171023.24,107261.94,63761.3,5030.59,5545.69,14.71,1.75,12.32,4.29,5.96,-1.61,52.63,52.58,57.09,50.96,-2.9,-3.6,-3.57,-3.49,-47.37,-47.42,-42.91,-49.04,7.72,7.76,7.68,7.73,129.02,2.82,2.21
2021-03-01,117781.24,94754.07,7875.22,24.2,14784.5,378069.26,279160.33,98908.93,316714.44,239765.51,76948.93,137218,55806,81412,382055,303565,78489.93,56791.96,56448.7,343.26,98.93,577.4,171.34,81.49,227.1,358.81,83.32,220290.7,0.38,1250.6,281.5,969.1,273.87,3388,80.84,2151.5,207.6,1943.9,1285.6,1.4,1284.2,3135.3,3.6,3131.7,18699.8,65571,23359.39,22715.68,4.6,149.84,0.33,5.84,0.81,139.1,2.79,0.24,10327.19,10292.18,169151.43,113394.23,55757.2,6642.69,6002.76,14.72,1.75,12.32,4.25,6.12,-1.5,52.69,52.25,57.05,50.54,-2.66,-2.13,-3.64,-1.6,-47.31,-47.75,-42.95,-49.46,7.7,7.74,7.69,7.73,133.37,9.8,4.68
2021-04-01,117286.21,95051.66,8293.09,24.2,13565,380571.27,281041.24,99530.03,319084.7,241317.34,77767.36,137107,55140,81966,383693,304403,79289.6,56304.77,55952.52,352.25,97.24,541.5,179.57,63.49,176.3,360.12,35.07,85426.8,0.41,1049.9,253,796.9,193.33,2433.1,79.46,2079.3,263.9,1815.4,1231.7,1,1230.7,4367,4.6,4362.4,18812.2,22511.47,28494.89,28487.89,4.54,150,0.11,5.2,0.91,139.23,2.84,0.33,10308.75,10273.51,176275.26,115141.56,61133.7,8101.22,8728.4,14.72,1.75,12.28,4.22,6.73,-0.94,53.04,52.62,57.16,50.96,-0.9,0.85,-2.63,1.97,-46.96,-47.38,-42.84,-49.04,7.7,7.73,7.7,7.73,129.8,14.95,7.06
2021-05-01,117255.77,90532.04,7694.47,6.2,18665,387787.58,287873.63,99913.95,321814.73,242894.88,78919.85,137804,55605,82199,387090,306602,80488.17,61385.53,61027.47,358.06,132.16,721.6,183.15,58.27,162.5,358.57,50.76,138101.1,0.37,1088,246,842,236.44,2818.6,83.89,2159.9,241.1,1918.8,1236.7,1.1,1235.6,5603.7,5.7,5598,18929.7,16807.48,31499.67,31493.71,4.54,150.24,0.16,5.17,1.08,139.36,2.89,0.42,10287.19,10251.91,172638.41,115835.61,56802.8,5409.77,6951.82,14.7,1.75,12.25,4.19,6.73,-0.93,53.37,52.93,57.08,51.38,0.04,1.59,-2.26,2.85,-46.63,-47.07,-42.92,-48.62,7.7,7.73,7.69,7.75,129.31,16.21,8.76
2021-06-01,114214.85,94858.83,6977.08,9.2,12011.49,386331.2,285846.31,100484.88,323527.42,245105.32,78422.1,139097,55542,83555,388885,308846,80038.82,53691.51,53333.25,358.26,124.74,657.3,189.78,64.02,179.2,357.23,25.87,63537.4,0.41,1136.2,251.6,884.6,230.51,2654.4,86.84,2154.8,269.9,1884.9,1362.5,1.6,1360.9,6966.2,7.3,6958.9,18748.8,27895.32,40111.41,39708.91,4.28,150.52,0.19,3.91,1.26,139.94,3.05,0.84,10274.33,10242.49,169344.74,119648.64,49696.1,5657.03,6994.24,14.72,1.75,12.24,4.15,8.02,0.23,53.93,53.27,57.39,51.72,1.93,2.25,-0.51,3.14,-46.07,-46.73,-42.61,-48.28,7.72,7.76,7.73,7.76,126.87,14.4,9.64
2021-07-01,117925.76,96065.17,8496.92,12.2,12991,391364.75,289725.66,101639.09,326038.84,246132.38,79906.46,139965,56788,83177,392717,311169,81547.47,54617.76,54257.29,360.47,121.39,609.7,199.09,68.68,193.2,355.49,30.71,76748.3,0.4,1193.9,296.1,897.8,227.79,2532.8,89.93,2289.4,243.4,2046,1354.3,1.2,1353.1,8320.5,8.5,8312,19167.1,37883.65,45823.94,45793.14,4.3,151.02,0.33,3.82,1.6,140.41,3.09,1.18,10249.66,10217.81,177796.52,120486.02,57310.5,9215.93,8696.1,14.7,1.75,12.14,4.09,8.02,0.26,54.06,53.19,57.55,51.56,2.12,2,0.17,2.59,-45.94,-46.81,-42.45,-48.44,7.73,7.76,7.72,7.77,130.73,11.45,9.9
2021-08-01,116583.25,96066.22,7168.44,12.2,12971,392791.66,291308.37,101483.29,326346.56,247574.31,78772.25,140070,57052,83018,393327,312934,80393.13,55536.55,55171.16,365.39,89.63,437.5,204.87,82.15,235.2,349.26,28.5,76542.8,0.37,1132.2,293.3,838.9,231,2560.3,90.23,2317.4,259.4,2058,1388.6,1.4,1387.2,9709.1,9.9,9699.2,19810.4,18863.86,45218.53,45212.96,4.22,151.33,0.21,3.62,1.81,140.68,3.18,1.37,10205.96,10174.13,174578.95,120433.55,54145.4,5629.91,6972.46,14.7,1.75,12.14,4.07,8.23,0.44,54.01,53.07,57.5,51.43,1.99,1.54,0.81,1.78,-45.99,-46.93,-42.5,-48.57,7.72,7.75,7.72,7.74,130.02,8.08,9.67
2021-09-01,118161.14,97104.27,8261.12,14.2,12416.5,393359.46,293248.1,100111.36,326517.92,248935.44,77582.48,140705,57284,83421,393753,314519,79234.09,57503.62,57138.56,365.06,78.78,390.2,201.89,85.94,241.7,355.57,16.35,39291.4,0.42,1187.1,285.8,901.3,224.14,2472.7,90.65,2276,248.9,2027.1,1299.3,1.4,1297.9,11008.4,11.3,10997.1,19827.2,47607.29,36957.76,36886.22,4.21,151.65,0.21,3.67,2.03,140.95,3.3,1.57,10176.16,10144.8,174399.8,118165.21,56234.6,5579.72,6602.16,14.68,1.75,12.16,4.04,8.19,0.36,54,53.09,57.36,51.48,1.28,0.46,0.12,0.57,-46,-46.91,-42.64,-48.52,7.71,7.75,7.7,7.76,129.23,6.34,9.29
2021-10-01,116864.85,100186.4,7759.13,15.2,8539,396280.93,294764.86,101516.07,324415.15,249009.58,75405.57,141862,58695,83167,393255,316130,77124.96,55033.4,54668.27,365.13,32.54,170.6,190.74,67.85,191.4,354.51,13.59,31710.5,0.43,1107.5,292.3,815.2,275.21,2783.5,98.87,2507.5,312,2195.5,1418.5,1.6,1416.9,12426.9,12.9,12414,20663.2,45743.75,23803.83,23786.6,4.22,152.2,0.36,2.96,2.4,141.67,3.17,2.09,11118.69,11087.36,178200.43,118947.23,59253.2,9468.59,6511.46,14.73,1.75,12.13,4.03,8.91,1.04,54.26,53.08,57.39,51.45,2.51,0.9,0.82,0.91,-45.74,-46.92,-42.61,-48.55,7.71,7.75,7.72,7.75,131.39,4.44,8.78
