Secretaría Ejecutiva del Consejo Monetario Centroamericano,,,,,,,,,,,,,,,,,,,,,,,,,,,,
Precios,,,,,,,,,,,,,,,,,,,,,,,,,,,,
Índice de precios al consumidor,,,,,,,,,,,,,,,,,,,,,,,,,,,,
Unidad de medida: Niveles del índice y variaciones en porcentajes,,,,,,,,,,,,,,,,,,,,,,,,,,,,
Fechas,Costa Rica,,,,El Salvador,,,,Guatemala,,,,Honduras,,,,Nicaragua,,,,República Dominicana,,,,Panamá,,,
,IPC general,IPC variación mensual,IPC variación interanual,IPC variación acumulada con diciembre anterior,IPC general,IPC variación mensual,IPC variación interanual,IPC variación acumulada con diciembre anterior,IPC general,IPC variación mensual,IPC variación interanual,IPC variación acumulada con diciembre anterior,IPC general,IPC variación mensual,IPC variación interanual,IPC variación acumulada con diciembre anterior,IPC general,IPC variación mensual,IPC variación interanual,IPC variación acumulada con diciembre anterior,IPC general,IPC variación mensual,IPC variación interanual,IPC variación acumulada con diciembre anterior,IPC general,IPC variación mensual,IPC variación interanual,IPC variación acumulada con diciembre anterior
1990-Enero,5.95,--,--,--,29.94,--,--,--,14.02,--,--,--,17.28,--,--,--,--,--,--,--,6.72,--,--,--,--,--,--,--
1990-Febrero,5.99,0.63,--,--,30.60,2.19,--,--,14.25,1.67,--,--,17.81,3.04,--,--,--,--,--,--,6.76,0.67,--,--,--,--,--,--
1990-Marzo,6.08,1.55,--,--,31.46,2.80,--,--,14.67,2.97,--,--,17.98,1.00,--,--,--,--,--,--,6.87,1.60,--,--,--,--,--,--
1990-Abril,6.20,2.06,--,--,32.16,2.22,--,--,15.24,3.85,--,--,18.71,4.06,--,--,--,--,--,--,7.06,2.71,--,--,--,--,--,--
1990-Mayo,6.28,1.30,--,--,32.40,0.77,--,--,16.16,6.01,--,--,18.95,1.29,--,--,--,--,--,--,7.22,2.26,--,--,--,--,--,--
1990-Junio,6.44,2.47,--,--,33.08,2.10,--,--,16.75,3.65,--,--,19.39,2.32,--,--,--,--,--,--,7.39,2.44,--,--,--,--,--,--
1990-Julio,6.61,2.61,--,--,33.25,0.49,--,--,17.34,3.51,--,--,20.02,3.22,--,--,--,--,--,--,7.76,5.02,--,--,--,--,--,--
1990-Agosto,6.75,2.11,--,--,32.72,-1.58,--,--,17.50,0.93,--,--,20.32,1.52,--,--,--,--,--,--,8.66,11.54,--,--,--,--,--,--
1990-Setiembre,6.80,0.74,--,--,33.02,0.92,--,--,18.57,6.12,--,--,20.61,1.43,--,--,--,--,--,--,9.50,9.71,--,--,--,--,--,--
1990-Octubre,6.95,2.29,--,--,33.56,1.62,--,--,19.32,4.07,--,--,21.72,5.37,--,--,--,--,--,--,10.43,9.83,--,--,--,--,--,--
1990-Noviembre,7.15,2.86,--,--,34.26,2.08,--,--,20.06,3.83,--,--,22.44,3.30,--,--,--,--,--,--,11.21,7.43,--,--,--,--,--,--
1990-Diciembre,7.35,2.73,--,--,34.90,1.88,--,--,21.74,8.34,--,--,23.09,2.91,--,--,--,--,--,--,11.88,6.03,--,--,--,--,--,--
1991-Enero,7.53,2.52,26.62,2.52,35.56,1.89,18.75,1.89,22.52,3.62,60.67,3.62,24.03,4.09,39.08,4.09,--,--,--,--,11.90,0.12,77.14,0.12,59.90,--,--,--
1991-Febrero,7.75,2.95,29.54,5.54,35.68,0.34,16.59,2.23,22.44,-0.36,57.46,3.24,24.88,3.51,39.72,7.74,--,--,--,--,12.34,3.72,82.49,3.84,59.66,-0.39,--,--
1991-Marzo,7.85,1.27,29.19,6.88,36.18,1.41,15.01,3.67,22.47,0.13,53.12,3.37,25.21,1.34,40.20,9.19,--,--,--,--,12.46,0.99,81.40,4.87,59.78,0.20,--,--
1991-Abril,8.07,2.82,30.15,9.90,36.37,0.53,13.11,4.22,22.78,1.37,49.46,4.79,26.03,3.26,39.12,12.75,--,--,--,--,12.28,-1.44,74.06,3.35,59.55,-0.39,--,--
1991-Mayo,8.21,1.73,30.70,11.80,36.99,1.71,14.16,6.00,23.03,1.09,42.52,5.93,26.34,1.17,38.96,14.07,--,--,--,--,12.25,-0.30,69.71,3.05,59.49,-0.10,--,--
1991-Junio,8.39,2.10,30.23,14.15,37.30,0.84,12.75,6.89,23.22,0.86,38.67,6.84,26.81,1.78,38.22,16.10,--,--,--,--,12.28,0.24,66.07,3.29,59.95,0.78,--,--
1991-Julio,8.57,2.17,29.67,16.63,38.20,2.39,14.89,9.45,23.27,0.21,34.25,7.06,27.23,1.59,36.04,17.94,--,--,--,--,12.32,0.34,58.66,3.64,59.95,0,--,--
1991-Agosto,8.69,1.40,28.77,18.26,38.26,0.16,16.92,9.62,23.62,1.50,35.00,8.67,27.57,1.25,35.67,19.42,--,--,--,--,12.50,1.51,44.38,5.20,59.90,-0.10,--,--
1991-Setiembre,8.83,1.60,29.87,20.15,38.35,0.23,16.12,9.87,23.45,-0.71,26.32,7.90,27.47,-0.39,33.24,18.96,--,--,--,--,12.67,1.32,33.34,6.58,59.95,0.10,--,--
1991-Octubre,8.93,1.16,28.43,21.54,38.35,0.02,14.29,9.90,23.48,0.11,21.51,8.02,27.74,0.98,27.69,20.12,--,--,--,--,12.70,0.30,21.76,6.90,59.78,-0.29,--,--
1991-Noviembre,9.06,1.46,26.68,23.32,38.14,-0.56,11.34,9.29,23.60,0.53,17.65,8.59,27.96,0.82,24.63,21.11,--,--,--,--,12.71,0.04,13.39,6.95,59.90,0.19,--,--
1991-Diciembre,9.21,1.62,25.32,25.32,38.33,0.49,9.82,9.82,23.92,1.32,10.03,10.03,28.03,0.23,21.38,21.38,--,--,--,--,12.82,0.89,7.90,7.90,60.01,0.19,--,--
1992-Enero,9.57,3.95,27.06,3.95,38.54,0.56,8.39,0.56,24.02,0.43,6.64,0.43,28.07,0.15,16.80,0.15,25.38,--,--,--,12.83,0.02,7.80,0.02,60.36,0.58,0.78,0.58
1992-Febrero,9.79,2.26,26.21,6.30,38.65,0.28,8.33,0.84,24.27,1.04,8.14,1.47,28.38,1.10,14.08,1.26,25.19,-0.75,--,--,12.63,-1.50,2.37,-1.48,60.60,0.39,1.56,0.97
1992-Marzo,9.90,1.19,26.11,7.56,38.90,0.66,7.53,1.51,24.73,1.89,10.04,3.39,28.45,0.25,12.85,1.51,25.21,0.08,--,--,12.56,-0.59,0.77,-2.07,60.77,0.29,1.66,1.26
1992-Abril,10.10,1.94,25.03,9.65,39.32,1.06,8.10,2.59,24.92,0.78,9.41,4.20,28.74,1.02,10.39,2.54,25.34,0.52,--,--,12.62,0.51,2.77,-1.57,60.83,0.10,2.15,1.36
1992-Mayo,10.19,0.93,24.05,10.67,39.49,0.43,6.74,3.03,25.11,0.75,9.04,4.98,28.85,0.38,9.53,2.94,25.38,0.16,--,--,12.68,0.44,3.53,-1.13,61.12,0.48,2.74,1.84
1992-Junio,10.31,1.23,22.99,12.03,39.95,1.19,7.11,4.25,25.30,0.76,8.94,5.78,28.87,0.07,7.70,3.01,25.16,-0.87,--,--,13.03,2.74,6.12,1.58,61.29,0.29,2.23,2.13
1992-Julio,10.38,0.59,21.09,12.69,40.73,1.94,6.63,6.27,25.70,1.59,10.43,7.46,29.03,0.55,6.60,3.58,25.31,0.60,--,--,12.96,-0.53,5.20,1.04,61.35,0.09,2.33,2.23
1992-Agosto,10.43,0.55,20.08,13.31,41.90,2.89,9.53,9.33,25.90,0.79,9.66,8.31,29.09,0.21,5.50,3.79,25.18,-0.51,--,--,13.08,0.94,4.62,1.99,61.41,0.09,2.53,2.33
1992-Setiembre,10.47,0.39,18.65,13.75,43.87,4.69,14.41,14.47,26.08,0.68,11.19,9.04,29.12,0.10,6.02,3.90,25.11,-0.28,--,--,13.17,0.70,3.98,2.71,60.89,-0.85,1.55,1.45
1992-Octubre,10.54,0.67,18.07,14.52,44.86,2.26,16.97,17.05,26.20,0.45,11.57,9.54,29.24,0.41,5.42,4.33,25.42,1.23,--,--,13.24,0.53,4.22,3.25,60.54,-0.57,1.27,0.87
1992-Noviembre,10.67,1.17,17.73,15.86,45.72,1.92,19.88,19.30,26.72,2.00,13.20,11.73,29.58,1.16,5.78,5.54,25.96,2.12,--,--,13.31,0.49,4.68,3.76,60.77,0.38,1.46,1.26
1992-Diciembre,10.77,0.96,16.97,16.97,45.96,0.53,19.93,19.93,27.32,2.23,14.22,14.22,29.85,0.91,6.50,6.50,26.06,0.39,--,--,13.49,1.36,5.17,5.17,61.00,0.38,1.65,1.65
1993-Enero,10.81,0.41,12.99,0.41,48.59,5.71,26.07,5.71,27.45,0.47,14.27,0.47,30.01,0.54,6.91,0.54,28.40,8.98,11.90,8.98,13.60,0.86,6.05,0.86,60.83,-0.29,0.77,-0.29
1993-Febrero,10.88,0.57,11.12,0.98,48.44,-0.31,25.33,5.38,27.50,0.21,13.33,0.68,30.30,0.97,6.77,1.51,30.60,7.75,21.48,17.42,13.59,-0.09,7.57,0.77,60.89,0.10,0.48,-0.19
1993-Marzo,10.91,0.35,10.20,1.34,48.81,0.76,25.46,6.19,27.70,0.73,12.04,1.41,30.53,0.76,7.31,2.28,30.53,-0.23,21.10,17.15,13.50,-0.63,7.53,0.14,61.00,0.19,0.38,0
1993-Abril,11.02,1.00,9.18,2.35,49.03,0.45,24.70,6.67,28.09,1.39,12.71,2.83,31.12,1.93,8.28,4.25,30.45,-0.26,20.17,16.85,13.45,-0.38,6.58,-0.24,61.12,0.19,0.48,0.19
1993-Mayo,11.13,0.97,9.22,3.34,49.65,1.26,25.74,8.02,28.25,0.59,12.54,3.43,31.39,0.87,8.80,5.16,30.75,0.99,21.16,18.00,13.50,0.33,6.46,0.09,61.12,0,0,0.19
1993-Junio,11.27,1.30,9.30,4.69,50.97,2.66,27.57,10.89,28.94,2.42,14.39,5.93,31.85,1.47,10.32,6.70,30.33,-1.37,20.55,16.39,13.59,0.67,4.32,0.77,61.18,0.10,-0.19,0.29
1993-Julio,11.40,1.10,9.85,5.84,52.03,2.08,27.75,13.20,29.62,2.37,15.27,8.44,32.81,3.01,13.02,9.92,30.93,1.98,22.20,18.69,13.66,0.49,5.39,1.26,61.29,0.19,-0.09,0.48
1993-Agosto,11.44,0.37,9.66,6.23,52.12,0.17,24.37,13.38,29.70,0.25,14.65,8.72,33.17,1.10,14.03,11.12,30.99,0.19,23.07,18.92,13.65,-0.03,4.37,1.22,61.18,-0.19,-0.38,0.29
1993-Setiembre,11.40,-0.31,8.89,5.90,52.13,0.03,18.83,13.42,29.57,-0.44,13.38,8.24,32.98,-0.57,13.26,10.49,31.14,0.48,24.01,19.49,13.73,0.58,4.25,1.81,61.00,-0.29,0.19,0
1993-Octubre,11.51,0.96,9.20,6.92,52.67,1.03,17.40,14.58,29.74,0.58,13.52,8.86,33.21,0.70,13.58,11.26,31.17,0.10,22.62,19.61,13.79,0.45,4.16,2.27,61.53,0.86,1.63,0.86
1993-Noviembre,11.64,1.08,9.11,8.07,52.79,0.23,15.46,14.85,30.13,1.31,12.75,10.29,33.53,0.96,13.35,12.33,31.21,0.13,20.22,19.76,13.83,0.25,3.92,2.53,61.53,0,1.25,0.86
1993-Diciembre,11.74,0.90,9.04,9.04,53.31,0.98,15.98,15.98,30.50,1.22,11.64,11.64,33.74,0.63,13.03,13.03,31.13,-0.26,19.46,19.46,13.86,0.26,2.79,2.79,61.58,0.09,0.95,0.95
1994-Enero,11.85,0.87,9.54,0.87,54.43,2.10,12.02,2.10,31.15,2.14,13.49,2.14,34.21,1.39,14.00,1.39,31.41,0.90,10.60,0.90,13.96,0.70,2.62,0.70,61.58,0,1.24,0
1994-Febrero,11.99,1.20,10.23,2.08,52.63,-3.31,8.65,-1.28,31.44,0.95,14.32,3.11,35.25,3.04,16.34,4.48,31.64,0.73,3.40,1.64,14.11,1.09,3.84,1.80,61.53,-0.09,1.05,-0.09
1994-Marzo,12.14,1.30,11.27,3.41,53.17,1.03,8.93,-0.26,31.62,0.57,14.14,3.69,35.60,0.99,16.61,5.51,31.81,0.54,4.19,2.18,14.26,1.04,5.58,2.86,61.58,0.09,0.95,0
1994-Abril,12.26,0.97,11.24,4.41,53.64,0.88,9.40,0.62,32.00,1.19,13.91,4.92,36.59,2.78,17.58,8.45,31.89,0.25,4.73,2.44,14.42,1.16,7.20,4.05,61.82,0.38,1.14,0.38
1994-Mayo,12.43,1.36,11.67,5.83,53.64,0,8.04,0.62,32.25,0.79,14.14,5.75,38.03,3.94,21.15,12.71,32.08,0.60,4.33,3.05,14.57,1.03,7.95,5.12,61.93,0.19,1.33,0.57
1994-Junio,12.63,1.63,12.03,7.56,54.10,0.86,6.14,1.48,32.35,0.31,11.79,6.08,38.80,2.02,21.82,15.00,32.81,2.28,8.18,5.40,14.70,0.90,8.19,6.06,61.93,0,1.24,0.57
1994-Julio,12.75,0.92,11.83,8.55,54.51,0.76,4.77,2.25,32.50,0.45,9.70,6.56,39.86,2.73,21.49,18.14,32.85,0.12,6.21,5.53,14.73,0.18,7.86,6.26,61.99,0.09,1.14,0.66
1994-Agosto,12.98,1.84,13.47,10.54,55.26,1.37,6.02,3.65,32.89,1.20,10.74,7.84,40.70,2.11,22.70,20.63,33.39,1.64,7.74,7.26,14.90,1.15,9.14,7.48,62.11,0.19,1.52,0.85
1994-Setiembre,13.26,2.14,16.26,12.91,55.21,-0.08,5.91,3.57,33.11,0.67,11.97,8.57,40.97,0.66,24.23,21.43,33.89,1.50,8.83,8.87,15.10,1.34,9.96,8.91,62.11,0,1.81,0.85
1994-Octubre,13.45,1.44,16.81,14.53,55.83,1.12,6.00,4.72,33.40,0.87,12.31,9.52,41.68,1.73,25.50,23.53,34.47,1.71,10.59,10.73,15.28,1.20,10.78,10.22,62.17,0.09,1.04,0.95
1994-Noviembre,13.65,1.50,17.30,16.25,55.80,-0.05,5.70,4.67,33.87,1.43,12.44,11.08,42.97,3.10,28.15,27.36,35.02,1.60,12.21,12.50,15.41,0.84,11.43,11.15,62.40,0.37,1.42,1.32
1994-Diciembre,14.08,3.10,19.86,19.86,56.10,0.54,5.23,5.23,34.03,0.46,11.59,11.59,43.50,1.23,28.93,28.93,34.99,-0.09,12.40,12.40,15.85,2.85,14.31,14.31,62.40,0,1.32,1.32
1995-Enero,14.66,4.18,23.79,4.18,56.55,0.80,3.89,0.80,34.05,0.06,9.32,0.06,44.75,2.87,30.80,2.87,35.13,0.40,11.84,0.40,16.09,1.54,15.27,1.54,62.11,-0.47,0.85,-0.47
1995-Febrero,14.88,1.48,24.13,5.72,57.17,1.10,8.63,1.91,33.94,-0.33,7.94,-0.27,46.96,4.95,33.22,7.95,35.42,0.83,11.95,1.23,16.15,0.39,14.47,1.94,62.11,0,0.95,-0.47
1995-Marzo,15.00,0.83,23.55,6.60,57.81,1.12,8.73,3.05,34.10,0.48,7.84,0.21,47.62,1.40,33.76,9.47,35.62,0.56,11.98,1.80,16.28,0.82,14.22,2.77,62.28,0.28,1.13,-0.19
1995-Abril,15.09,0.57,23.06,7.20,58.17,0.62,8.45,3.69,34.36,0.77,7.39,0.98,48.84,2.56,33.48,12.28,35.61,-0.03,11.67,1.77,16.26,-0.14,12.76,2.63,62.40,0.19,0.94,0
1995-Mayo,15.22,0.87,22.47,8.14,58.58,0.70,9.21,4.42,34.87,1.48,8.12,2.46,49.73,1.82,30.76,14.31,35.86,0.70,11.78,2.49,16.33,0.43,12.08,3.06,62.57,0.28,1.03,0.28
1995-Junio,15.45,1.49,22.31,9.75,59.09,0.87,9.22,5.33,35.31,1.26,9.15,3.76,50.19,0.93,29.35,15.37,36.52,1.84,11.31,4.37,16.43,0.63,11.79,3.72,62.69,0.19,1.22,0.47
1995-Julio,15.71,1.69,23.24,11.61,60.63,2.61,11.23,8.07,35.38,0.21,8.89,3.98,50.86,1.34,27.60,16.92,36.96,1.20,12.51,5.63,16.54,0.66,12.32,4.40,62.75,0.09,1.22,0.56
1995-Agosto,15.88,1.11,22.36,12.85,61.05,0.68,10.48,8.81,35.60,0.61,8.25,4.61,51.50,1.26,26.54,18.39,36.37,-1.60,8.92,3.94,16.73,1.13,12.29,5.58,62.87,0.19,1.22,0.75
1995-Setiembre,16.18,1.86,22.01,14.94,61.86,1.34,12.04,10.27,35.80,0.56,8.13,5.20,52.59,2.12,28.37,20.90,36.75,1.04,8.44,5.03,16.99,1.55,12.53,7.21,62.81,-0.09,1.12,0.65
1995-Octubre,16.66,2.98,23.87,18.37,62.14,0.45,11.30,10.76,36.30,1.40,8.69,6.67,53.57,1.86,28.53,23.15,38.16,3.84,10.70,9.06,17.11,0.72,11.99,7.99,62.69,-0.19,0.84,0.47
1995-Noviembre,17.05,2.37,24.93,21.17,62.41,0.44,11.85,11.25,36.78,1.31,8.57,8.07,54.32,1.39,26.41,24.87,39.25,2.86,12.08,12.17,17.27,0.92,12.08,8.98,62.69,0,0.47,0.47
1995-Diciembre,17.25,1.15,22.57,22.57,62.48,0.11,11.37,11.37,36.96,0.50,8.61,8.61,55.15,1.54,26.79,26.79,38.88,-0.94,11.12,11.12,17.31,0.22,9.22,9.22,62.92,0.37,0.84,0.84
1996-Enero,17.47,1.27,19.14,1.27,63.45,1.55,12.20,1.55,37.37,1.12,9.76,1.12,55.43,0.50,23.87,0.50,39.06,0.46,11.19,0.46,17.29,-0.08,7.48,-0.08,62.92,0,1.31,0
1996-Febrero,17.65,1.02,18.60,2.30,63.60,0.24,11.25,1.79,37.61,0.64,10.83,1.77,57.01,2.84,21.39,3.36,39.46,1.02,11.41,1.49,17.31,0.13,7.19,0.05,62.92,0,1.31,0
1996-Marzo,17.75,0.56,18.29,2.87,63.91,0.49,10.55,2.29,38.01,1.07,11.48,2.85,57.88,1.54,21.56,4.95,39.78,0.81,11.68,2.31,17.34,0.14,6.47,0.19,63.10,0.28,1.31,0.28
1996-Abril,17.88,0.76,18.51,3.65,64.15,0.38,10.28,2.67,38.47,1.19,11.95,4.08,59.08,2.06,20.96,7.11,40.11,0.83,12.64,3.16,17.36,0.12,6.75,0.31,63.21,0.18,1.31,0.46
1996-Mayo,18.18,1.67,19.45,5.39,64.63,0.75,10.33,3.44,38.71,0.63,11.02,4.73,60.31,2.09,21.28,9.35,40.80,1.72,13.78,4.94,17.40,0.23,6.54,0.54,63.10,-0.18,0.84,0.28
1996-Junio,18.43,1.36,19.30,6.83,65.69,1.64,11.17,5.14,38.96,0.64,10.34,5.41,61.83,2.52,23.19,12.10,40.95,0.37,12.13,5.32,17.46,0.34,6.24,0.89,63.04,-0.09,0.56,0.19
1996-Julio,18.64,1.17,18.69,8.07,65.69,0,8.35,5.14,39.49,1.36,11.60,6.84,63.24,2.28,24.34,14.66,41.06,0.27,11.09,5.61,17.50,0.26,5.81,1.15,63.21,0.28,0.74,0.46
1996-Agosto,18.82,0.96,18.51,9.11,67.65,2.99,10.83,8.28,39.88,0.99,12.03,7.90,65.01,2.80,26.24,17.88,40.74,-0.78,12.02,4.78,17.53,0.16,4.80,1.31,63.33,0.18,0.74,0.65
1996-Setiembre,18.99,0.91,17.41,10.11,67.25,-0.59,8.71,7.64,40.01,0.33,11.77,8.26,66.12,1.70,25.72,19.88,41.16,1.03,12.00,5.86,17.63,0.55,3.77,1.86,63.51,0.28,1.11,0.93
1996-Octubre,19.24,1.30,15.49,11.53,67.28,0.04,8.27,7.68,40.16,0.37,10.64,8.66,67.09,1.47,25.24,21.65,42.22,2.58,10.64,8.59,17.67,0.23,3.26,2.09,63.80,0.46,1.76,1.39
1996-Noviembre,19.44,1.02,13.97,12.67,66.89,-0.57,7.18,7.06,40.62,1.14,10.44,9.90,68.42,1.98,25.96,24.05,42.82,1.42,9.10,10.13,17.78,0.66,2.99,2.76,63.85,0.09,1.86,1.48
1996-Diciembre,19.65,1.08,13.89,13.89,67.08,0.28,7.36,7.36,40.97,0.87,10.85,10.85,69.18,1.11,25.43,25.43,43.59,1.80,12.11,12.11,17.99,1.15,3.95,3.95,64.38,0.82,2.31,2.31
1997-Enero,20.05,2.06,14.78,2.06,67.61,0.79,6.56,0.79,41.41,1.07,10.80,1.07,70.59,2.04,27.35,2.04,43.49,-0.23,11.34,-0.23,18.49,2.81,6.95,2.81,64.20,-0.27,2.04,-0.27
1997-Febrero,20.18,0.63,14.33,2.70,68.54,1.38,7.77,2.18,42.38,2.33,12.66,3.42,72.30,2.42,26.83,4.51,43.48,-0.02,10.19,-0.25,18.47,-0.12,6.68,2.68,64.20,0,2.04,-0.27
1997-Marzo,20.40,1.09,14.94,3.82,68.67,0.19,7.45,2.37,42.39,0.03,11.51,3.45,72.85,0.76,25.85,5.30,43.45,-0.07,9.23,-0.32,18.50,0.14,6.68,2.82,64.15,-0.09,1.66,-0.36
1997-Abril,20.67,1.34,15.60,5.21,68.71,0.06,7.11,2.43,42.37,-0.05,10.13,3.40,73.27,0.58,24.03,5.92,43.60,0.35,8.70,0.02,18.66,0.86,7.47,3.71,63.97,-0.27,1.20,-0.63
1997-Mayo,20.78,0.51,14.28,5.75,68.56,-0.22,6.08,2.21,42.43,0.16,9.61,3.56,74.19,1.26,23.02,7.25,43.93,0.76,7.67,0.78,18.69,0.19,7.43,3.90,64.15,0.27,1.66,-0.36
1997-Junio,20.94,0.78,13.62,6.58,68.82,0.38,4.76,2.59,42.45,0.05,8.97,3.61,75.15,1.29,21.55,8.63,44.83,2.05,9.47,2.84,18.77,0.43,7.52,4.36,64.20,0.09,1.85,-0.27
1997-Julio,21.12,0.86,13.28,7.49,69.36,0.78,5.59,3.40,42.64,0.44,7.98,4.07,76.20,1.40,20.49,10.15,45.59,1.70,11.03,4.59,19.13,1.90,9.28,6.34,64.32,0.18,1.75,-0.09
1997-Agosto,21.35,1.11,13.45,8.69,68.89,-0.67,1.83,2.71,43.09,1.05,8.05,5.17,77.14,1.24,18.66,11.52,45.33,-0.57,11.27,3.99,19.25,0.62,9.78,6.99,64.32,0,1.56,-0.09
1997-Setiembre,21.27,-0.40,11.97,8.25,68.67,-0.32,2.11,2.37,43.35,0.60,8.33,5.80,77.39,0.31,17.04,11.86,44.95,-0.84,9.21,3.12,19.37,0.63,9.87,7.67,64.38,0.09,1.37,0
1997-Octubre,21.31,0.17,10.73,8.44,68.45,-0.33,1.74,2.04,43.57,0.51,8.48,6.34,77.18,-0.27,15.03,11.57,45.18,0.51,7.01,3.65,19.43,0.32,9.98,8.01,64.09,-0.45,0.46,-0.45
1997-Noviembre,21.66,1.68,11.45,10.26,68.37,-0.11,2.21,1.93,43.73,0.37,7.66,6.73,77.78,0.77,13.68,12.43,46.49,2.90,8.57,6.65,19.46,0.16,9.43,8.19,64.03,-0.09,0.27,-0.54
1997-Diciembre,21.85,0.85,11.20,11.20,68.38,0.01,1.94,1.94,43.89,0.37,7.13,7.13,77.95,0.22,12.67,12.67,46.75,0.56,7.25,7.25,19.49,0.17,8.37,8.37,64.09,0.09,-0.45,-0.45
1998-Enero,22.20,1.59,10.69,1.59,69.22,1.23,2.38,1.23,44.43,1.22,7.29,1.22,78.59,0.83,11.34,0.83,47.04,0.62,8.16,0.62,19.51,0.09,5.51,0.09,64.32,0.36,0.18,0.36
1998-Febrero,22.42,1.01,11.11,2.62,69.40,0.26,1.25,1.49,44.68,0.58,5.45,1.81,80.54,2.48,11.40,3.33,47.69,1.38,9.68,2.01,19.50,-0.06,5.57,0.03,64.15,-0.27,-0.09,0.09
1998-Marzo,22.66,1.05,11.07,3.70,69.70,0.43,1.50,1.93,44.98,0.65,6.11,2.47,81.90,1.69,12.44,5.08,48.20,1.07,10.93,3.10,19.47,-0.16,5.25,-0.13,64.26,0.18,0.18,0.27
1998-Abril,22.84,0.80,10.48,4.53,70.56,1.23,2.69,3.19,45.31,0.73,6.94,3.22,83.32,1.73,13.72,6.90,49.20,2.07,12.84,5.24,19.45,-0.12,4.23,-0.25,64.20,-0.09,0.36,0.18
1998-Mayo,23.01,0.76,10.76,5.32,70.93,0.52,3.46,3.73,45.54,0.51,7.32,3.75,84.32,1.19,13.64,8.17,50.19,2.01,14.25,7.36,19.53,0.44,4.49,0.19,64.32,0.18,0.27,0.36
1998-Junio,23.20,0.80,10.78,6.17,71.00,0.10,3.17,3.83,45.61,0.15,7.43,3.91,85.80,1.76,14.17,10.07,51.15,1.91,14.10,9.41,19.63,0.52,4.59,0.72,64.50,0.27,0.45,0.64
1998-Julio,23.59,1.70,11.70,7.97,71.31,0.44,2.81,4.28,45.74,0.30,7.27,4.21,87.49,1.98,14.82,12.25,50.69,-0.90,11.19,8.43,19.76,0.63,3.29,1.35,64.55,0.09,0.36,0.73
1998-Agosto,24.07,2.02,12.70,10.15,70.43,-1.23,2.24,3.00,45.81,0.14,6.31,4.36,87.62,0.15,13.58,12.41,50.43,-0.51,11.25,7.87,19.80,0.23,2.89,1.59,64.55,0,0.36,0.73
1998-Setiembre,23.97,-0.39,12.71,9.72,69.71,-1.02,1.51,1.95,45.73,-0.17,5.49,4.18,87.88,0.30,13.57,12.75,50.57,0.28,12.50,8.17,19.93,0.65,2.91,2.25,64.90,0.54,0.81,1.27
1998-Octubre,24.05,0.31,12.87,10.07,69.76,0.07,1.91,2.02,45.73,0.01,4.97,4.19,88.37,0.56,14.50,13.38,51.77,2.37,14.59,10.74,20.37,2.20,4.84,4.50,65.02,0.18,1.45,1.45
1998-Noviembre,24.36,1.32,12.47,11.52,71.30,2.21,4.29,4.27,46.94,2.65,7.35,6.95,89.49,1.26,15.06,14.81,54.83,5.91,17.94,17.28,20.74,1.82,6.58,6.40,65.02,0,1.55,1.45
1998-Diciembre,24.55,0.75,12.36,12.36,71.26,-0.06,4.21,4.21,47.17,0.49,7.48,7.48,90.14,0.73,15.64,15.64,55.38,1.00,18.46,18.46,21.02,1.33,7.82,7.82,64.96,-0.09,1.36,1.36
1999-Enero,24.99,1.80,12.59,1.80,71.39,0.18,3.13,0.18,47.22,0.11,6.29,0.11,91.69,1.72,16.66,1.72,55.20,-0.33,17.35,-0.33,20.91,-0.53,7.15,-0.53,65.02,0.09,1.09,0.09
1999-Febrero,25.17,0.73,12.27,2.54,71.22,-0.24,2.62,-0.06,46.99,-0.49,5.17,-0.38,92.47,0.86,14.81,2.59,55.00,-0.36,15.33,-0.69,20.85,-0.27,6.92,-0.80,65.02,0,1.36,0.09
1999-Marzo,25.08,-0.37,10.69,2.16,71.07,-0.21,1.97,-0.27,46.77,-0.47,3.99,-0.85,92.75,0.30,13.24,2.90,53.95,-1.91,11.93,-2.58,20.96,0.52,7.66,-0.28,65.14,0.18,1.36,0.27
1999-Abril,25.11,0.12,9.94,2.28,70.67,-0.56,0.16,-0.83,46.88,0.23,3.47,-0.62,93.07,0.34,11.70,3.25,54.15,0.37,10.06,-2.22,21.01,0.26,8.07,-0.02,65.19,0.09,1.54,0.36
1999-Mayo,25.31,0.81,10.00,3.11,70.20,-0.67,-1.03,-1.49,47.24,0.76,3.73,0.13,93.80,0.79,11.25,4.06,54.88,1.35,9.34,-0.90,21.00,-0.05,7.54,-0.07,65.19,0,1.36,0.36
1999-Junio,25.66,1.39,10.64,4.55,70.15,-0.07,-1.20,-1.56,47.53,0.63,4.22,0.76,94.92,1.19,10.63,5.30,55.31,0.78,8.13,-0.13,20.89,-0.55,6.39,-0.62,65.31,0.18,1.26,0.54
1999-Julio,25.73,0.25,9.06,4.81,70.55,0.57,-1.07,-1.00,48.13,1.25,5.22,2.02,95.65,0.77,9.32,6.11,55.76,0.81,10.00,0.69,20.84,-0.25,5.46,-0.87,65.43,0.18,1.35,0.72
1999-Agosto,25.88,0.59,7.54,5.43,70.53,-0.02,0.14,-1.02,48.57,0.92,6.03,2.96,96.44,0.82,10.06,6.99,56.66,1.61,12.35,2.31,20.90,0.28,5.51,-0.59,65.48,0.09,1.44,0.81
1999-Setiembre,26.05,0.66,8.67,6.12,70.72,0.27,1.45,-0.75,48.83,0.54,6.79,3.52,97.14,0.73,10.53,7.77,57.41,1.32,13.53,3.67,20.98,0.40,5.25,-0.19,65.48,0,0.90,0.81
1999-Octubre,26.43,1.47,9.92,7.68,71.12,0.56,1.95,-0.20,49.20,0.74,7.57,4.28,98.03,0.91,10.92,8.75,58.45,1.81,12.90,5.54,21.72,3.51,6.59,3.31,65.54,0.09,0.81,0.90
1999-Noviembre,26.68,0.94,9.51,8.69,70.80,-0.44,-0.70,-0.64,49.36,0.34,5.15,4.64,98.96,0.96,10.59,9.79,59.06,1.04,7.71,6.64,22.03,1.43,6.19,4.79,65.66,0.18,0.98,1.08
1999-Diciembre,27.03,1.31,10.11,10.11,70.53,-0.38,-1.02,-1.02,49.49,0.27,4.92,4.92,100.00,1.05,10.94,10.94,59.37,0.52,7.20,7.20,22.09,0.29,5.10,5.10,65.95,0.44,1.52,1.52
2000-Enero,27.51,1.78,10.09,1.78,71.00,0.67,-0.55,0.67,49.71,0.45,5.27,0.45,100.50,0.50,9.61,0.50,59.89,0.88,8.50,0.88,22.16,0.31,5.99,0.31,65.95,0,1.43,0
2000-Febrero,27.91,1.45,10.88,3.25,71.35,0.49,0.18,1.16,50.10,0.79,6.62,1.24,102.01,1.51,10.32,2.01,61.16,2.12,11.20,3.01,22.17,0.05,6.33,0.36,65.89,-0.09,1.34,-0.09
2000-Marzo,28.10,0.68,12.05,3.95,71.41,0.08,0.48,1.25,50.64,1.08,8.28,2.32,102.98,0.95,11.03,2.98,61.76,0.98,14.48,4.03,22.16,-0.05,5.73,0.31,66.30,0.62,1.79,0.53
2000-Abril,28.00,-0.35,11.52,3.59,71.47,0.08,1.13,1.33,51.13,0.96,9.07,3.31,104.30,1.28,12.07,4.30,62.13,0.60,14.74,4.65,22.18,0.07,5.52,0.38,66.24,-0.09,1.61,0.44
2000-Mayo,27.98,-0.08,10.54,3.51,71.90,0.60,2.42,1.94,50.72,-0.81,7.36,2.47,105.30,0.96,12.26,5.30,62.62,0.79,14.10,5.47,22.19,0.08,5.65,0.45,66.30,0.09,1.70,0.53
2000-Junio,28.36,1.35,10.50,4.91,72.70,1.11,3.64,3.08,50.97,0.50,7.23,2.98,106.30,0.95,11.99,6.30,63.03,0.65,13.96,6.16,22.41,0.98,7.28,1.44,66.47,0.26,1.78,0.79
2000-Julio,28.73,1.32,11.67,6.29,72.61,-0.12,2.92,2.95,51.08,0.22,6.14,3.21,107.00,0.66,11.86,7.00,62.84,-0.30,12.70,5.84,22.51,0.46,8.04,1.90,66.59,0.18,1.78,0.97
2000-Agosto,28.92,0.66,11.75,6.99,72.91,0.42,3.37,3.38,50.86,-0.44,4.71,2.76,107.50,0.47,11.47,7.50,62.92,0.13,11.05,5.98,22.77,1.14,8.97,3.07,66.42,-0.26,1.42,0.71
2000-Setiembre,29.03,0.38,11.44,7.40,73.06,0.20,3.31,3.59,50.93,0.14,4.29,2.90,107.70,0.19,10.87,7.70,63.18,0.41,10.05,6.42,23.64,3.85,12.71,7.03,66.71,0.44,1.87,1.15
2000-Octubre,29.21,0.63,10.52,8.08,73.05,-0.02,2.71,3.57,51.08,0.30,3.84,3.22,108.30,0.56,10.48,8.30,63.87,1.09,9.27,7.58,23.71,0.27,9.18,7.32,66.53,-0.26,1.51,0.88
2000-Noviembre,29.46,0.83,10.40,8.97,73.21,0.22,3.40,3.80,51.42,0.66,4.17,3.90,109.50,1.11,10.65,9.50,64.52,1.02,9.24,8.67,23.82,0.48,8.14,7.83,66.36,-0.26,1.06,0.62
2000-Diciembre,29.80,1.17,10.25,10.25,73.56,0.48,4.30,4.30,52.01,1.14,5.08,5.08,110.10,0.55,10.10,10.10,65.22,1.08,9.85,9.85,24.08,1.11,9.02,9.02,66.42,0.09,0.71,0.71
2001-Enero,30.21,1.39,9.83,1.39,74.89,1.81,5.48,1.81,52.72,1.37,6.05,1.37,111.10,0.91,10.55,0.91,65.69,0.72,9.68,0.72,24.69,2.50,11.40,2.50,66.42,0,0.71,0
2001-Febrero,30.56,1.15,9.50,2.56,74.75,-0.19,4.77,1.62,53.11,0.73,5.99,2.11,112.50,1.26,10.28,2.18,66.48,1.20,8.70,1.93,24.72,0.14,11.50,2.64,66.42,0,0.80,0
2001-Marzo,31.09,1.71,10.63,4.31,74.90,0.20,4.89,1.82,53.39,0.53,5.42,2.65,113.50,0.89,10.22,3.09,66.49,0.02,7.66,1.95,24.61,-0.42,11.08,2.21,66.53,0.18,0.35,0.18
2001-Abril,31.48,1.25,12.41,5.62,75.00,0.13,4.94,1.96,53.62,0.44,4.87,3.10,114.20,0.62,9.49,3.72,66.95,0.69,7.76,2.65,24.77,0.62,11.69,2.84,66.65,0.17,0.62,0.35
2001-Mayo,31.69,0.68,13.27,6.34,75.12,0.16,4.48,2.12,53.78,0.30,6.05,3.41,115.60,1.23,9.78,5.00,67.45,0.75,7.71,3.42,24.83,0.26,11.90,3.11,66.71,0.09,0.61,0.44
2001-Junio,31.78,0.28,12.07,6.64,75.23,0.15,3.48,2.27,54.18,0.74,6.30,4.17,116.30,0.61,9.41,5.63,67.88,0.64,7.69,4.08,24.69,-0.56,10.19,2.53,66.24,-0.70,-0.35,-0.26
2001-Julio,31.97,0.61,11.28,7.29,75.20,-0.04,3.57,2.23,54.65,0.86,6.98,5.07,116.90,0.52,9.25,6.18,67.61,-0.40,7.59,3.66,24.63,-0.24,9.43,2.28,66.30,0.09,-0.44,-0.18
2001-Agosto,32.23,0.80,11.43,8.14,75.45,0.34,3.48,2.57,55.33,1.26,8.79,6.39,117.70,0.68,9.49,6.90,67.76,0.22,7.69,3.89,24.82,0.74,8.99,3.04,66.36,0.09,-0.09,-0.09
2001-Setiembre,32.42,0.61,11.68,8.80,75.46,0.01,3.28,2.59,55.51,0.32,8.99,6.73,118.60,0.76,10.12,7.72,67.79,0.04,7.30,3.94,25.04,0.91,5.91,3.98,66.94,0.88,0.35,0.79
2001-Octubre,32.42,-0.01,10.97,8.79,74.46,-1.33,1.93,1.22,55.92,0.75,9.47,7.52,118.80,0.17,9.70,7.90,67.91,0.18,6.33,4.12,25.10,0.25,5.89,4.24,66.94,0,0.61,0.79
2001-Noviembre,32.71,0.89,11.04,9.76,75.42,1.29,3.02,2.53,56.31,0.70,9.51,8.28,119.40,0.51,9.04,8.45,68.23,0.47,5.75,4.62,25.08,-0.10,5.28,4.13,66.65,-0.43,0.44,0.35
2001-Diciembre,33.07,1.09,10.96,10.96,74.60,-1.09,1.41,1.41,56.64,0.59,8.91,8.91,119.80,0.34,8.81,8.81,68.26,0.04,4.66,4.66,25.14,0.24,4.38,4.38,66.42,-0.35,0,0
2002-Enero,33.44,1.12,10.66,1.12,75.52,1.23,0.84,1.23,57.39,1.31,8.85,1.31,120.20,0.33,8.19,0.33,68.43,0.25,4.17,0.25,25.28,0.57,2.41,0.57,66.94,0.79,0.79,0.79
2002-Febrero,33.59,0.45,9.89,1.57,75.76,0.32,1.35,1.55,57.89,0.88,9.01,2.20,121.50,1.08,8.00,1.42,68.98,0.80,3.76,1.05,25.29,0.04,2.32,0.61,66.88,-0.09,0.70,0.70
2002-Marzo,33.85,0.78,8.89,2.37,76.20,0.58,1.74,2.14,58.26,0.64,9.13,2.86,122.20,0.58,7.67,2.00,69.18,0.29,4.05,1.35,25.58,1.14,3.92,1.75,67.11,0.35,0.87,1.05
2002-Abril,33.91,0.17,7.72,2.54,76.48,0.37,1.97,2.52,58.58,0.55,9.25,3.43,123.10,0.74,7.79,2.75,69.57,0.56,3.91,1.92,25.75,0.68,3.98,2.45,67.11,0,0.70,1.05
2002-Mayo,34.12,0.63,7.66,3.19,76.46,-0.03,1.78,2.49,58.79,0.35,9.31,3.79,123.70,0.49,7.01,3.26,69.89,0.46,3.62,2.39,25.66,-0.36,3.34,2.08,67.00,-0.17,0.44,0.88
2002-Junio,34.34,0.64,8.05,3.84,76.96,0.65,2.30,3.16,59.13,0.58,9.14,4.39,125.10,1.13,7.57,4.42,70.01,0.17,3.14,2.56,25.69,0.11,4.05,2.20,67.06,0.09,1.23,0.96
2002-Julio,34.84,1.47,8.97,5.37,77.09,0.17,2.51,3.34,59.62,0.83,9.10,5.25,126.10,0.80,7.87,5.26,70.12,0.16,3.71,2.72,25.79,0.40,4.71,2.60,67.17,0.17,1.32,1.14
2002-Agosto,35.25,1.19,9.39,6.62,76.79,-0.38,1.78,2.94,59.61,-0.02,7.73,5.23,126.90,0.63,7.82,5.93,70.20,0.11,3.60,2.84,26.02,0.89,4.87,3.52,67.41,0.35,1.58,1.49
2002-Setiembre,35.39,0.40,9.16,7.04,76.53,-0.34,1.42,2.59,59.45,-0.27,7.10,4.95,127.10,0.16,7.17,6.09,70.53,0.47,4.04,3.33,26.39,1.41,5.39,4.97,67.35,-0.09,0.61,1.40
2002-Octubre,35.63,0.66,9.89,7.74,76.63,0.12,2.91,2.72,59.61,0.28,6.60,5.25,127.80,0.55,7.58,6.68,70.58,0.07,3.93,3.40,27.16,2.91,8.18,8.03,67.52,0.26,0.87,1.67
2002-Noviembre,35.99,1.03,10.05,8.86,76.48,-0.19,1.41,2.52,59.89,0.46,6.34,5.73,128.60,0.63,7.71,7.35,70.44,-0.20,3.24,3.19,27.29,0.48,8.80,8.54,67.59,0.10,1.41,1.77
2002-Diciembre,36.27,0.76,9.68,9.68,76.69,0.27,2.80,2.80,60.23,0.57,6.33,6.33,129.50,0.70,8.10,8.10,70.90,0.65,3.87,3.87,27.78,1.82,10.51,10.51,67.45,-0.20,1.56,1.56
2003-Enero,36.50,0.65,9.17,0.65,77.60,1.19,2.75,1.19,60.94,1.19,6.20,1.19,130.60,0.85,8.65,0.85,71.57,0.94,4.59,0.94,28.70,3.29,13.50,3.29,67.59,0.20,0.97,0.20
2003-Febrero,36.80,0.81,9.57,1.47,77.79,0.24,2.68,1.43,61.37,0.70,6.00,1.89,132.30,1.30,8.89,2.16,72.62,1.47,5.28,2.43,29.84,3.98,17.97,7.40,67.59,0,1.06,0.20
2003-Marzo,37.04,0.65,9.42,2.12,78.02,0.30,2.39,1.73,61.63,0.42,5.78,2.32,132.80,0.38,8.67,2.55,72.77,0.21,5.19,2.64,30.37,1.77,18.71,9.30,67.66,0.10,0.81,0.30
2003-Abril,37.39,0.96,10.28,3.11,77.99,-0.04,1.97,1.70,61.91,0.46,5.67,2.79,133.50,0.53,8.45,3.09,72.62,-0.21,4.38,2.43,30.45,0.29,18.25,9.62,67.66,0,0.81,0.30
2003-Mayo,37.59,0.52,10.17,3.65,77.89,-0.13,1.87,1.56,62.06,0.25,5.56,3.05,133.70,0.15,8.08,3.24,73.17,0.76,4.69,3.20,30.82,1.19,20.09,10.93,67.52,-0.20,0.78,0.10
2003-Junio,37.84,0.67,10.21,4.34,78.15,0.33,1.55,1.90,62.23,0.27,5.24,3.33,134.10,0.30,7.19,3.55,73.98,1.11,5.67,4.34,32.40,5.14,26.11,16.62,67.59,0.10,0.80,0.20
2003-Julio,38.15,0.80,9.49,5.18,77.86,-0.37,1.00,1.53,62.39,0.26,4.65,3.59,134.60,0.37,6.74,3.94,73.92,-0.08,5.42,4.26,33.59,3.66,30.21,20.89,67.66,0.10,0.72,0.30
2003-Agosto,38.30,0.41,8.65,5.62,78.10,0.31,1.71,1.84,62.57,0.28,4.96,3.89,135.80,0.89,7.01,4.86,73.87,-0.07,5.23,4.19,34.62,3.06,33.01,24.59,67.72,0.10,0.47,0.40
2003-Setiembre,38.35,0.13,8.36,5.75,78.16,0.08,2.13,1.92,62.82,0.41,5.68,4.31,136.40,0.44,7.32,5.33,74.03,0.22,4.96,4.41,35.14,1.50,33.14,26.47,67.59,-0.20,0.36,0.20
2003-Octubre,38.80,1.17,8.91,6.99,78.41,0.31,2.32,2.24,63.09,0.43,5.84,4.76,137.00,0.44,7.20,5.79,74.32,0.39,5.30,4.82,36.05,2.59,32.74,29.75,67.39,-0.30,-0.20,-0.10
2003-Noviembre,39.35,1.42,9.33,8.51,78.46,0.07,2.59,2.31,63.38,0.45,5.84,5.24,137.90,0.66,7.23,6.49,74.93,0.82,6.37,5.68,38.22,6.01,40.05,37.55,67.45,0.10,-0.20,0
2003-Diciembre,39.85,1.25,9.87,9.87,78.62,0.20,2.52,2.52,63.75,0.59,5.85,5.85,138.30,0.29,6.80,6.80,75.50,0.76,6.49,6.49,39.63,3.71,42.66,42.66,67.32,-0.20,-0.20,-0.20
2004-Enero,40.52,1.70,11.02,1.70,79.49,1.11,2.44,1.11,64.73,1.53,6.21,1.53,139.60,0.94,6.89,0.94,76.69,1.58,7.15,1.58,43.29,9.23,50.86,9.23,67.59,0.40,0,0.40
2004-Febrero,41.05,1.29,11.55,3.02,79.84,0.44,2.64,1.55,65.21,0.74,6.26,2.29,141.20,1.15,6.73,2.10,77.65,1.25,6.93,2.85,48.16,11.25,61.42,21.52,67.59,0,0,0.40
2004-Marzo,41.24,0.46,11.34,3.49,80.35,0.64,2.99,2.20,65.67,0.71,6.57,3.01,141.70,0.35,6.70,2.46,78.02,0.48,7.21,3.34,49.29,2.34,62.32,24.37,67.45,-0.20,-0.30,0.20
2004-Abril,41.61,0.91,11.29,4.44,81.03,0.85,3.90,3.07,66.03,0.54,6.65,3.57,143.20,1.06,7.27,3.54,78.67,0.83,8.33,4.20,49.64,0.70,62.98,25.24,67.45,0,-0.30,0.20
2004-Mayo,41.89,0.67,11.45,5.14,81.60,0.70,4.76,3.79,66.57,0.83,7.27,4.42,144.30,0.77,7.93,4.34,79.37,0.89,8.47,5.13,50.94,2.63,65.29,28.53,67.66,0.30,0.20,0.50
2004-Junio,42.34,1.07,11.89,6.26,81.73,0.16,4.58,3.96,66.84,0.40,7.40,4.84,145.20,0.62,8.28,4.99,79.62,0.31,7.62,5.46,51.95,1.99,60.35,31.09,67.93,0.40,0.50,0.90
2004-Julio,42.89,1.30,12.44,7.64,81.99,0.32,5.30,4.29,67.15,0.47,7.64,5.34,147.10,1.31,9.29,6.36,80.11,0.62,8.37,6.11,52.27,0.62,55.64,31.89,67.99,0.10,0.50,1.00
2004-Agosto,43.30,0.97,13.05,8.68,82.16,0.21,5.20,4.51,67.36,0.30,7.66,5.65,147.60,0.34,8.69,6.72,80.29,0.22,8.69,6.34,52.56,0.54,51.84,32.61,68.20,0.30,0.70,1.30
2004-Setiembre,43.64,0.78,13.78,9.52,82.34,0.22,5.35,4.74,67.88,0.78,8.05,6.47,147.80,0.14,8.36,6.87,80.77,0.60,9.10,6.98,51.96,-1.13,47.89,31.11,68.06,-0.20,0.70,1.10
2004-Octubre,43.97,0.75,13.31,10.34,82.69,0.42,5.46,5.17,68.54,0.98,8.64,7.52,149.10,0.88,8.83,7.81,81.87,1.36,10.16,8.44,52.66,1.35,46.09,32.88,68.13,0.10,1.10,1.20
2004-Noviembre,44.58,1.40,13.29,11.89,82.71,0.03,5.42,5.20,69.23,1.00,9.22,8.59,150.40,0.87,9.06,8.75,82.57,0.86,10.20,9.36,51.79,-1.65,35.53,30.68,68.13,0,1.00,1.20
2004-Diciembre,45.08,1.11,13.13,13.13,82.84,0.15,5.37,5.37,69.64,0.59,9.23,9.23,151.00,0.40,9.18,9.18,82.48,-0.11,9.25,9.25,51.02,-1.49,28.74,28.74,68.40,0.40,1.60,1.60
2005-Enero,45.96,1.96,13.42,1.96,84.03,1.44,5.71,1.44,70.58,1.36,9.04,1.36,152.20,0.79,9.03,0.79,82.97,0.59,8.19,0.59,51.43,0.79,18.79,0.79,68.67,0.39,1.60,0.39
2005-Febrero,46.46,1.09,13.19,3.08,84.11,0.10,5.35,1.53,71.10,0.74,9.04,2.11,154.00,1.18,9.07,1.99,83.99,1.23,8.16,1.83,51.45,0.04,6.82,0.83,69.01,0.49,2.10,0.89
2005-Marzo,46.85,0.83,13.61,3.94,84.17,0.07,4.75,1.61,71.43,0.46,8.77,2.58,155.20,0.78,9.53,2.78,84.81,0.98,8.70,2.82,51.41,-0.07,4.29,0.75,69.48,0.68,3.00,1.58
2005-Abril,47.30,0.96,13.66,4.93,84.59,0.50,4.39,2.11,71.89,0.64,8.88,3.24,156.60,0.90,9.36,3.71,86.24,1.69,9.62,4.56,51.57,0.31,3.90,1.07,69.68,0.29,3.30,1.88
2005-Mayo,47.95,1.37,14.45,6.37,85.20,0.72,4.41,2.85,72.25,0.50,8.52,3.75,157.20,0.38,8.94,4.11,86.96,0.83,9.56,5.43,51.41,-0.30,0.93,0.77,69.48,-0.29,2.69,1.58
2005-Junio,48.17,0.46,13.76,6.86,85.23,0.04,4.28,2.89,72.72,0.66,8.80,4.43,158.30,0.70,9.02,4.83,87.59,0.72,10.01,6.20,51.44,0.06,-0.98,0.82,69.55,0.10,2.39,1.68
2005-Julio,48.79,1.28,13.75,8.23,85.37,0.16,4.12,3.05,73.40,0.93,9.30,5.41,159.70,0.88,8.57,5.76,88.32,0.83,10.25,7.08,51.75,0.60,-1.00,1.43,69.82,0.39,2.68,2.07
2005-Agosto,49.40,1.25,14.07,9.58,85.59,0.26,4.17,3.32,73.67,0.37,9.37,5.80,161.00,0.81,9.08,6.62,88.90,0.66,10.72,7.78,52.44,1.34,-0.22,2.78,69.82,0,2.38,2.07
2005-Setiembre,49.48,0.17,13.38,9.77,85.95,0.42,4.38,3.76,74.29,0.84,9.45,6.69,161.60,0.37,9.34,7.02,89.50,0.67,10.81,8.51,54.15,3.26,4.22,6.13,70.43,0.87,3.47,2.96
2005-Octubre,50.09,1.24,13.94,11.13,87.59,1.90,5.93,5.73,75.60,1.76,10.29,8.56,161.70,0.06,8.45,7.09,90.33,0.93,10.33,9.52,54.76,1.11,3.97,7.31,70.83,0.58,3.96,3.55
2005-Noviembre,50.91,1.62,14.19,12.94,86.47,-1.27,4.55,4.38,75.63,0.04,9.25,8.61,162.00,0.19,7.71,7.28,90.07,-0.29,9.08,9.20,54.30,-0.84,4.83,6.41,70.43,-0.57,3.37,2.96
2005-Diciembre,51.42,1.01,14.07,14.07,86.37,-0.12,4.26,4.26,75.60,-0.04,8.57,8.57,162.70,0.43,7.75,7.75,90.39,0.36,9.59,9.59,54.82,0.96,7.44,7.44,70.70,0.38,3.36,3.36
2006-Enero,52.03,1.17,13.20,1.17,86.83,0.53,3.33,0.53,76.28,0.90,8.08,0.90,163.30,0.37,7.29,0.37,91.49,1.22,10.27,1.22,55.67,1.55,8.25,1.55,70.76,0.10,3.05,0.10
2006-Febrero,52.49,0.89,12.96,2.07,87.26,0.50,3.75,1.03,76.27,-0.02,7.26,0.88,164.44,0.70,6.78,1.07,92.80,1.43,10.49,2.67,55.60,-0.12,8.08,1.43,70.63,-0.19,2.35,-0.10
2006-Marzo,52.57,0.17,12.22,2.24,87.57,0.36,4.04,1.39,76.63,0.48,7.28,1.36,164.80,0.22,6.19,1.29,93.41,0.66,10.14,3.34,55.65,0.09,8.26,1.52,70.90,0.38,2.04,0.29
2006-Abril,52.80,0.43,11.63,2.68,88.16,0.67,4.22,2.07,77.27,0.83,7.48,2.20,165.70,0.55,5.81,1.84,94.73,1.41,9.84,4.80,55.98,0.59,8.56,2.12,71.71,1.14,2.91,1.43
2006-Mayo,53.64,1.58,11.86,4.31,88.27,0.12,3.60,2.20,77.75,0.62,7.62,2.84,166.80,0.66,6.11,2.52,95.58,0.90,9.91,5.74,56.30,0.57,9.51,2.71,71.64,-0.09,3.11,1.34
2006-Junio,54.15,0.96,12.42,5.31,89.00,0.83,4.42,3.05,78.21,0.60,7.55,3.45,167.30,0.30,5.69,2.83,95.91,0.35,9.50,6.11,56.73,0.76,10.27,3.49,71.78,0.19,3.20,1.53
2006-Julio,54.65,0.93,12.03,6.28,90.11,1.25,5.55,4.33,78.56,0.45,7.04,3.92,168.20,0.54,5.32,3.38,96.42,0.53,9.17,6.67,57.24,0.90,10.60,4.41,71.78,0,2.80,1.53
2006-Agosto,55.13,0.88,11.61,7.22,89.62,-0.54,4.71,3.77,78.83,0.33,7.00,4.27,168.80,0.36,4.84,3.75,96.59,0.18,8.65,6.86,57.35,0.19,9.35,4.61,71.84,0.09,2.90,1.62
2006-Setiembre,55.04,-0.16,11.24,7.04,89.59,-0.03,4.24,3.73,78.53,-0.38,5.70,3.87,168.80,0,4.46,3.75,96.20,-0.40,7.49,6.43,56.72,-1.10,4.73,3.46,71.57,-0.38,1.63,1.24
2006-Octubre,55.15,0.19,10.09,7.24,89.24,-0.40,1.88,3.32,78.51,-0.02,3.85,3.85,169.00,0.12,4.51,3.87,96.63,0.45,6.97,6.90,56.77,0.10,3.68,3.57,71.78,0.28,1.33,1.53
2006-Noviembre,55.71,1.01,9.42,8.33,89.80,0.63,3.85,3.97,78.96,0.57,4.40,4.44,169.90,0.53,4.88,4.43,97.36,0.76,8.09,7.71,57.14,0.64,5.23,4.23,71.84,0.09,2.01,1.62
2006-Diciembre,56.27,1.02,9.43,9.43,90.59,0.88,4.89,4.89,79.98,1.30,5.79,5.79,171.30,0.82,5.29,5.29,98.93,1.61,9.45,9.45,57.56,0.74,5.00,5.00,72.25,0.56,2.20,2.20
2007-Enero,56.81,0.95,9.19,0.95,91.64,1.16,5.54,1.16,81.03,1.32,6.22,1.32,172.40,0.64,5.57,0.64,99.80,0.88,9.08,0.88,58.10,0.93,4.36,0.93,72.38,0.19,2.29,0.19
2007-Febrero,57.01,0.35,8.62,1.31,91.44,-0.22,4.79,0.94,81.32,0.35,6.62,1.67,173.98,0.92,5.80,1.56,100.98,1.18,8.81,2.07,58.27,0.31,4.81,1.24,72.59,0.28,2.77,0.47
2007-Marzo,57.42,0.72,9.22,2.04,92.00,0.61,5.06,1.56,82.01,0.86,7.02,2.54,175.20,0.70,6.31,2.28,102.11,1.12,9.31,3.21,58.73,0.79,5.54,2.04,73.19,0.84,3.24,1.31
2007-Abril,57.95,0.92,9.76,2.98,92.07,0.08,4.44,1.63,82.21,0.24,6.40,2.79,176.20,0.57,6.34,2.86,103.14,1.01,8.88,4.26,59.21,0.81,5.77,2.87,73.67,0.65,2.73,1.96
2007-Mayo,58.56,1.04,9.17,4.06,91.69,-0.41,3.87,1.21,82.00,-0.26,5.47,2.52,176.90,0.40,6.06,3.27,103.93,0.77,8.74,5.05,59.84,1.06,6.28,3.96,74.07,0.55,3.39,2.52
2007-Junio,58.89,0.57,8.75,4.65,92.30,0.67,3.71,1.89,82.37,0.45,5.31,2.99,177.60,0.40,6.16,3.68,104.98,1.01,9.46,6.12,60.08,0.40,5.91,4.38,74.41,0.46,3.67,2.99
2007-Julio,59.44,0.93,8.75,5.62,92.96,0.72,3.16,2.62,82.95,0.71,5.59,3.72,178.80,0.68,6.30,4.38,105.83,0.81,9.76,6.97,60.24,0.26,5.24,4.65,74.75,0.45,4.14,3.46
2007-Agosto,59.85,0.70,8.56,6.36,92.81,-0.16,3.56,2.45,83.72,0.92,6.21,4.68,180.10,0.73,6.69,5.14,106.12,0.27,9.87,7.27,59.85,-0.64,4.36,3.98,74.88,0.18,4.23,3.64
2007-Setiembre,60.23,0.63,9.43,7.04,93.45,0.69,4.31,3.16,84.28,0.67,7.33,5.38,180.80,0.39,7.11,5.55,107.32,1.13,11.56,8.48,60.58,1.22,6.81,5.25,75.29,0.54,5.19,4.21
2007-Octubre,60.58,0.57,9.84,7.65,94.11,0.70,5.46,3.88,84.57,0.34,7.72,5.74,183.00,1.22,8.28,6.83,109.53,2.06,13.35,10.71,60.87,0.48,7.21,5.75,75.69,0.54,5.46,4.77
2007-Noviembre,61.33,1.24,10.09,8.98,95.39,1.37,6.22,5.30,86.17,1.89,9.13,7.73,186.20,1.75,9.59,8.70,114.24,4.30,17.34,15.48,61.96,1.80,8.45,7.65,76.50,1.07,6.48,5.89
2007-Diciembre,62.35,1.67,10.81,10.81,94.99,-0.42,4.86,4.86,86.98,0.94,8.75,8.75,186.50,0.16,8.87,8.87,115.62,1.21,16.87,16.87,62.67,1.14,8.88,8.88,76.84,0.44,6.36,6.36
2008-Enero,62.81,0.73,10.56,0.73,95.99,1.05,4.75,1.05,87.83,0.98,8.39,0.98,187.70,0.64,8.87,0.64,117.05,1.24,17.28,1.24,63.35,1.09,9.05,1.09,77.92,1.41,7.65,1.41
2008-Febrero,63.51,1.11,11.40,1.85,96.76,0.80,5.82,1.86,88.44,0.70,8.76,1.69,189.70,1.07,9.04,1.72,119.51,2.10,18.35,3.36,63.33,-0.03,8.68,1.06,78.66,0.95,8.37,2.37
2008-Marzo,63.76,0.39,11.04,2.25,97.51,0.78,5.99,2.65,89.48,1.17,9.10,2.87,191.40,0.90,9.25,2.63,121.42,1.60,18.91,5.02,64.42,1.71,9.67,2.79,79.61,1.20,8.76,3.60
2008-Abril,64.30,0.84,10.95,3.12,98.32,0.83,6.79,3.51,90.74,1.41,10.37,4.32,193.30,0.99,9.70,3.65,123.10,1.38,19.35,6.47,65.63,1.88,10.83,4.72,79.95,0.42,8.52,4.04
2008-Mayo,65.52,1.91,11.90,5.08,99.39,1.09,8.40,4.63,92.04,1.43,12.24,5.82,196.80,1.81,11.25,5.52,126.53,2.79,21.75,9.44,65.85,0.33,10.03,5.07,80.62,0.84,8.84,4.92
2008-Junio,66.44,1.40,12.82,6.55,100.63,1.25,9.02,5.94,93.53,1.63,13.56,7.54,199.20,1.22,12.16,6.81,129.22,2.13,23.09,11.76,67.41,2.38,12.20,7.57,81.57,1.17,9.62,6.15
2008-Julio,67.86,2.14,14.17,8.83,101.92,1.28,9.64,7.30,94.70,1.24,14.16,8.88,203.40,2.11,13.76,9.06,130.84,1.25,23.63,13.16,68.51,1.62,13.73,9.31,81.90,0.41,9.58,6.59
2008-Agosto,69.07,1.79,15.40,10.77,101.99,0.07,9.89,7.37,95.18,0.51,13.69,9.43,205.30,0.93,13.99,10.08,131.50,0.50,23.92,13.73,68.57,0.09,14.57,9.41,82.24,0.41,9.83,7.03
2008-Setiembre,69.73,0.95,15.77,11.83,101.56,-0.42,8.68,6.92,95.03,-0.16,12.75,9.26,205.60,0.15,13.72,10.24,131.78,0.21,22.79,13.98,69.41,1.23,14.58,10.76,82.85,0.74,10.04,7.82
2008-Octubre,70.45,1.04,16.30,12.99,101.08,-0.48,7.41,6.41,95.50,0.50,12.93,9.80,206.90,0.63,13.06,10.94,131.75,-0.02,20.29,13.95,68.68,-1.05,12.84,9.60,82.85,0,9.46,7.82
2008-Noviembre,71.32,1.24,16.30,14.38,100.44,-0.63,5.29,5.74,95.51,0.01,10.85,9.81,206.50,-0.19,10.90,10.72,131.86,0.08,15.42,14.05,66.43,-3.28,7.21,6.01,82.38,-0.57,7.68,7.21
2008-Diciembre,71.02,-0.42,13.90,13.90,100.19,-0.25,5.47,5.47,95.15,-0.38,9.40,9.40,206.70,0.10,10.83,10.83,131.55,-0.24,13.78,13.78,65.50,-1.40,4.52,4.52,82.04,-0.41,6.77,6.77
2009-Enero,71.29,0.38,13.50,0.38,99.65,-0.54,3.81,-0.54,94.75,-0.42,7.88,-0.42,206.60,-0.05,10.07,-0.05,131.63,0.06,12.46,0.06,65.68,0.28,3.68,0.28,81.77,-0.33,4.94,-0.33
2009-Febrero,71.60,0.44,12.75,0.82,99.53,-0.12,2.86,-0.66,94.19,-0.59,6.50,-1.01,208.20,0.77,9.75,0.73,132.39,0.58,10.78,0.64,65.89,0.31,4.03,0.59,82.04,0.33,4.29,0
2009-Marzo,71.61,0.01,12.32,0.83,100.00,0.47,2.55,-0.19,93.95,-0.26,5.00,-1.26,208.20,0,8.78,0.73,131.69,-0.53,8.46,0.11,65.99,0.16,2.44,0.74,82.58,0.66,3.73,0.66
2009-Abril,71.85,0.33,11.75,1.17,100.08,0.08,1.79,-0.11,94.02,0.08,3.62,-1.18,208.90,0.34,8.07,1.06,131.57,-0.09,6.88,0.02,66.08,0.14,0.69,0.89,82.92,0.41,3.72,1.07
2009-Mayo,71.76,-0.12,9.52,1.04,100.36,0.28,0.98,0.17,94.15,0.13,2.29,-1.05,208.90,0,6.15,1.06,131.71,0.11,4.09,0.12,66.16,0.11,0.47,1.00,82.65,-0.33,2.51,0.74
2009-Junio,71.88,0.17,8.20,1.21,100.40,0.04,-0.23,0.21,94.11,-0.04,0.62,-1.09,210.00,0.53,5.42,1.60,131.75,0.03,1.96,0.15,67.59,2.16,0.26,3.19,83.05,0.49,1.82,1.23
2009-Julio,72.54,0.92,6.90,2.14,99.99,-0.41,-1.89,-0.20,94.41,0.32,-0.30,-0.78,211.50,0.71,3.98,2.32,130.94,-0.61,0.08,-0.46,67.67,0.12,-1.22,3.31,83.46,0.49,1.90,1.73
2009-Agosto,73.02,0.65,5.71,2.81,99.79,-0.20,-2.16,-0.40,94.48,0.07,-0.73,-0.70,211.70,0.09,3.12,2.42,131.34,0.31,-0.12,-0.16,68.25,0.85,-0.47,4.19,83.73,0.32,1.81,2.06
2009-Setiembre,73.10,0.11,4.83,2.92,99.73,-0.06,-1.80,-0.46,95.06,0.61,0.03,-0.10,211.90,0.09,3.06,2.52,131.79,0.34,0.01,0.18,68.32,0.11,-1.57,4.31,83.25,-0.56,0.49,1.48
2009-Octubre,73.27,0.23,4.00,3.16,99.03,-0.71,-2.03,-1.16,94.88,-0.19,-0.65,-0.29,212.40,0.24,2.66,2.76,132.31,0.39,0.43,0.58,68.48,0.23,-0.30,4.55,83.46,0.24,0.73,1.73
2009-Noviembre,73.15,-0.16,2.57,3.00,100.41,1.40,-0.03,0.22,94.93,0.06,-0.61,-0.23,212.90,0.24,3.10,3.00,132.47,0.12,0.46,0.70,69.21,1.07,4.18,5.66,83.52,0.08,1.39,1.81
2009-Diciembre,73.90,1.02,4.05,4.05,100.00,-0.41,-0.19,-0.19,94.89,-0.05,-0.28,-0.28,212.80,-0.05,2.95,2.95,132.78,0.23,0.93,0.93,69.28,0.10,5.76,5.76,83.59,0.08,1.89,1.89
2010-Enero,75.10,1.63,5.34,1.63,100.44,0.44,0.79,0.44,96.11,1.29,1.43,1.29,214.00,0.56,3.58,0.56,134.07,0.97,1.85,0.97,70.19,1.31,6.85,1.31,84.27,0.81,3.06,0.81
2010-Febrero,75.61,0.69,5.60,2.32,100.57,0.13,1.04,0.57,96.53,0.44,2.48,1.73,215.50,0.70,3.51,1.27,136.02,1.46,2.74,2.44,70.28,0.14,6.68,1.45,84.47,0.24,2.96,1.05
2010-Marzo,75.80,0.24,5.84,2.57,100.89,0.32,0.89,0.89,97.64,1.15,3.93,2.90,216.50,0.46,3.99,1.74,137.52,1.10,4.42,3.57,70.89,0.86,7.43,2.33,84.81,0.40,2.70,1.45
2010-Abril,75.84,0.06,5.56,2.63,100.71,-0.18,0.63,0.71,97.55,-0.09,3.75,2.81,217.60,0.51,4.16,2.26,137.95,0.31,4.85,3.89,71.14,0.36,7.66,2.69,85.08,0.32,2.61,1.78
2010-Mayo,76.23,0.52,6.23,3.16,100.50,-0.21,0.14,0.50,97.45,-0.10,3.51,2.70,218.00,0.18,4.36,2.44,137.87,-0.06,4.68,3.83,71.38,0.34,7.90,3.04,85.28,0.24,3.19,2.02
2010-Junio,76.42,0.24,6.31,3.41,100.96,0.46,0.56,0.96,97.94,0.50,4.07,3.22,218.90,0.41,4.24,2.87,137.85,-0.01,4.63,3.82,71.26,-0.17,5.44,2.87,85.35,0.08,2.76,2.10
2010-Julio,76.66,0.32,5.68,3.75,100.98,0.02,0.99,0.98,98.30,0.37,4.12,3.60,220.30,0.64,4.16,3.52,139.06,0.87,6.20,4.73,71.51,0.34,5.67,3.22,86.29,1.11,3.40,3.23
2010-Agosto,76.82,0.20,5.21,3.95,100.81,-0.17,1.02,0.81,98.35,0.05,4.10,3.65,221.30,0.45,4.53,3.99,138.35,-0.50,5.34,4.20,71.66,0.22,5.01,3.45,86.77,0.55,3.63,3.80
2010-Setiembre,76.75,-0.08,5.00,3.87,101.11,0.30,1.38,1.11,98.63,0.28,3.76,3.95,222.60,0.59,5.05,4.61,138.94,0.42,5.43,4.64,72.22,0.77,5.70,4.24,86.77,0,4.22,3.80
2010-Octubre,77.12,0.47,5.25,4.36,101.78,0.66,2.78,1.78,99.15,0.53,4.51,4.49,224.70,0.94,5.79,5.59,141.92,2.14,7.26,6.88,72.70,0.67,6.17,4.95,86.90,0.16,4.13,3.96
2010-Noviembre,77.62,0.66,6.11,5.04,102.24,0.45,1.82,2.24,99.92,0.78,5.26,5.31,226.60,0.85,6.43,6.48,144.11,1.55,8.79,8.54,72.93,0.31,5.37,5.27,87.10,0.23,4.28,4.20
2010-Diciembre,78.20,0.74,5.82,5.82,102.13,-0.11,2.13,2.13,100.00,0.08,5.39,5.39,226.60,0,6.48,6.48,145.03,0.64,9.23,9.23,73.60,0.92,6.24,6.24,87.71,0.70,4.93,4.93
2011-Enero,78.73,0.68,4.84,0.68,102.77,0.63,2.32,0.63,100.82,0.82,4.90,0.82,227.60,0.44,6.36,0.44,144.82,-0.15,8.02,-0.15,74.51,1.24,6.17,1.24,88.32,0.69,4.81,0.69
2011-Febrero,79.07,0.44,4.57,1.12,102.96,0.18,2.38,0.81,101.58,0.75,5.23,1.58,229.20,0.70,6.36,1.15,145.85,0.71,7.22,0.56,75.41,1.20,7.29,2.46,88.66,0.38,4.96,1.08
2011-Marzo,79.27,0.25,4.58,1.37,103.63,0.65,2.72,1.47,102.52,0.93,5.00,2.52,230.80,0.70,6.61,1.85,146.79,0.64,6.74,1.21,76.28,1.16,7.61,3.64,89.47,0.91,5.49,2.00
2011-Abril,79.39,0.15,4.68,1.53,106.71,2.97,5.96,4.48,103.17,0.63,5.76,3.17,233.40,1.13,7.26,3.00,147.76,0.66,7.11,1.88,76.95,0.87,8.16,4.55,90.41,1.06,6.27,3.08
2011-Mayo,79.93,0.67,4.85,2.21,107.23,0.49,6.70,4.99,103.68,0.49,6.39,3.68,234.80,0.60,7.71,3.62,149.30,1.04,8.29,2.94,77.12,0.22,8.03,4.78,90.75,0.37,6.41,3.46
2011-Junio,80.37,0.56,5.18,2.78,107.29,0.06,6.27,5.05,104.23,0.53,6.42,4.23,235.80,0.43,7.72,4.06,150.28,0.66,9.01,3.62,77.90,1.02,9.32,5.85,90.88,0.15,6.49,3.62
2011-Julio,80.65,0.34,5.19,3.13,107.57,0.26,6.53,5.33,105.22,0.95,7.04,5.22,237.40,0.68,7.76,4.77,150.81,0.36,8.46,3.99,78.57,0.85,9.87,6.75,90.95,0.07,5.40,3.70
2011-Agosto,80.85,0.26,5.25,3.39,107.69,0.11,6.82,5.44,105.85,0.60,7.63,5.85,238.30,0.38,7.68,5.16,151.77,0.63,9.69,4.64,78.96,0.50,10.18,7.28,91.36,0.45,5.29,4.16
2011-Setiembre,80.73,-0.16,5.17,3.23,107.40,-0.27,6.22,5.16,105.78,-0.07,7.25,5.78,237.80,-0.21,6.83,4.94,152.13,0.24,9.50,4.90,79.13,0.21,9.57,7.51,92.03,0.74,6.07,4.93
2011-Octubre,80.92,0.24,4.93,3.47,107.32,-0.07,5.44,5.08,105.74,-0.04,6.65,5.74,238.00,0.08,5.92,5.03,152.78,0.43,7.66,5.34,79.15,0.03,8.86,7.54,92.23,0.22,6.14,5.16
2011-Noviembre,81.16,0.30,4.56,3.79,107.48,0.15,5.13,5.24,105.97,0.22,6.05,5.97,238.90,0.38,5.43,5.43,154.70,1.25,7.34,6.66,79.22,0.09,8.63,7.64,93.05,0.88,6.82,6.08
2011-Diciembre,81.90,0.92,4.74,4.74,107.29,-0.18,5.05,5.05,106.20,0.22,6.20,6.20,239.30,0.17,5.60,5.60,156.57,1.21,7.95,7.95,79.31,0.11,7.76,7.76,93.25,0.22,6.31,6.31
2012-Enero,82.05,0.17,4.21,0.17,107.65,0.34,4.75,0.34,106.30,0.09,5.44,0.09,239.80,0.21,5.36,0.21,156.77,0.13,8.25,0.13,79.66,0.44,6.90,0.44,93.72,0.51,6.12,0.51
2012-Febrero,82.28,0.28,4.05,0.46,108.00,0.33,4.90,0.66,106.83,0.50,5.17,0.59,242.10,0.96,5.63,1.17,158.69,1.23,8.81,1.36,79.94,0.35,6.00,0.79,94.33,0.65,6.40,1.16
2012-Marzo,82.61,0.40,4.21,0.86,108.16,0.15,4.37,0.81,107.18,0.33,4.55,0.92,243.90,0.74,5.68,1.92,159.33,0.40,8.55,1.77,80.05,0.15,4.94,0.94,95.14,0.86,6.34,2.03
2012-Abril,83.13,0.63,4.71,1.50,108.83,0.62,1.99,1.44,107.58,0.37,4.27,1.30,246.60,1.11,5.66,3.05,161.03,1.06,8.98,2.85,80.06,0.01,4.05,0.95,95.81,0.71,5.97,2.75
2012-Mayo,83.95,0.99,5.04,2.50,108.53,-0.28,1.21,1.16,107.72,0.13,3.90,1.43,246.90,0.12,5.15,3.18,160.53,-0.31,7.53,2.53,79.85,-0.27,3.54,0.68,96.22,0.42,6.03,3.19
2012-Junio,84.08,0.16,4.61,2.66,107.94,-0.54,0.61,0.61,107.85,0.12,3.47,1.55,246.90,0,4.71,3.18,160.00,-0.34,6.46,2.19,80.02,0.21,2.71,0.89,96.15,-0.07,5.79,3.11
2012-Julio,83.83,-0.30,3.95,2.35,107.61,-0.31,0.04,0.30,108.23,0.35,2.86,1.91,247.10,0.08,4.09,3.26,160.42,0.27,6.37,2.46,79.85,-0.20,1.64,0.69,96.42,0.28,6.01,3.40
2012-Agosto,84.27,0.53,4.23,2.89,107.80,0.18,0.10,0.48,108.72,0.45,2.71,2.37,248.60,0.61,4.32,3.89,160.82,0.25,5.97,2.72,80.66,1.01,2.16,1.71,96.89,0.49,6.06,3.91
2012-Setiembre,84.33,0.07,4.47,2.96,108.24,0.41,0.78,0.89,109.25,0.49,3.28,2.87,250.40,0.72,5.30,4.64,161.88,0.66,6.41,3.39,81.19,0.65,2.60,2.37,96.96,0.07,5.36,3.98
2012-Octubre,84.71,0.45,4.68,3.42,108.33,0.08,0.94,0.97,109.28,0.03,3.35,2.90,251.50,0.44,5.67,5.10,162.67,0.49,6.47,3.90,81.38,0.24,2.82,2.61,97.10,0.14,5.27,4.13
2012-Noviembre,85.39,0.81,5.22,4.26,108.18,-0.14,0.65,0.83,109.27,-0.01,3.11,2.89,251.90,0.16,5.44,5.27,164.23,0.96,6.16,4.90,81.89,0.63,3.37,3.26,97.23,0.14,4.50,4.27
2012-Diciembre,85.63,0.28,4.55,4.55,108.13,-0.05,0.78,0.78,109.86,0.54,3.45,3.45,252.20,0.12,5.39,5.39,166.93,1.64,6.62,6.62,82.41,0.63,3.91,3.91,97.57,0.35,4.63,4.63
2013-Enero,86.75,1.31,5.74,1.31,108.59,0.43,0.87,0.43,110.40,0.49,3.86,0.49,253.40,0.48,5.67,0.48,168.91,1.19,7.74,1.19,83.45,1.26,4.76,1.26,98.11,0.55,4.68,0.55
2013-Febrero,87.64,1.02,6.52,2.34,109.05,0.42,0.97,0.85,111.30,0.82,4.18,1.31,256.10,1.07,5.78,1.55,169.93,0.60,7.08,1.80,83.72,0.33,4.73,1.59,98.65,0.55,4.58,1.11
2013-Marzo,87.73,0.11,6.21,2.46,109.54,0.45,1.28,1.30,111.83,0.48,4.34,1.79,257.50,0.55,5.58,2.10,170.16,0.14,6.79,1.94,84.03,0.38,4.97,1.97,99.05,0.41,4.12,1.52
2013-Abril,88.37,0.73,6.31,3.20,108.85,-0.63,0.02,0.67,112.02,0.17,4.13,1.97,258.10,0.23,4.66,2.34,171.24,0.64,6.34,2.58,83.98,-0.06,4.90,1.91,99.39,0.34,3.74,1.87
2013-Mayo,88.39,0.02,5.28,3.22,108.69,-0.15,0.15,0.52,112.32,0.27,4.27,2.24,258.80,0.27,4.82,2.62,172.94,0.99,7.73,3.60,83.83,-0.18,4.99,1.72,99.80,0.41,3.72,2.28
2013-Junio,88.40,0.02,5.14,3.24,108.91,0.20,0.90,0.72,113.02,0.62,4.79,2.88,259.90,0.43,5.27,3.05,173.25,0.18,8.29,3.79,83.86,0.04,4.80,1.76,100.14,0.34,4.14,2.63
2013-Julio,88.70,0.34,5.81,3.59,108.78,-0.12,1.09,0.60,113.36,0.30,4.74,3.19,261.00,0.42,5.63,3.49,172.70,-0.32,7.66,3.46,84.38,0.62,5.67,2.39,100.41,0.27,4.13,2.91
2013-Agosto,88.75,0.05,5.31,3.64,108.87,0.08,0.99,0.68,113.52,0.14,4.42,3.33,262.00,0.38,5.39,3.89,173.59,0.51,7.94,3.99,84.94,0.66,5.30,3.07,100.68,0.27,3.90,3.18
2013-Setiembre,88.86,0.13,5.37,3.77,109.06,0.17,0.76,0.86,113.85,0.29,4.21,3.63,262.80,0.31,4.95,4.20,173.78,0.11,7.35,4.11,85.35,0.49,5.13,3.57,100.74,0.07,3.90,3.25
2013-Octubre,88.19,-0.76,4.11,2.98,108.91,-0.14,0.54,0.72,113.82,-0.03,4.15,3.60,263.10,0.11,4.61,4.32,173.78,0,6.83,4.10,85.23,-0.14,4.74,3.43,100.88,0.13,3.89,3.39
2013-Noviembre,88.33,0.17,3.44,3.16,109.00,0.08,0.76,0.80,114.33,0.45,4.63,4.07,263.80,0.27,4.72,4.60,174.57,0.45,6.29,4.58,85.29,0.06,4.14,3.49,100.95,0.07,3.82,3.46
2013-Diciembre,88.78,0.51,3.68,3.68,108.98,-0.02,0.79,0.79,114.68,0.31,4.39,4.39,264.60,0.30,4.92,4.92,176.40,1.05,5.67,5.67,85.60,0.37,3.88,3.88,101.22,0.27,3.74,3.74
2014-Enero,89.45,0.75,3.10,0.75,109.51,0.49,0.85,0.49,114.97,0.25,4.14,0.25,268.60,1.51,6.00,1.51,177.68,0.73,5.19,0.73,85.80,0.23,2.82,0.23,101.42,0.20,3.37,0.20
2014-Febrero,90.04,0.66,2.74,1.42,109.72,0.19,0.61,0.68,115.20,0.20,3.50,0.45,270.80,0.82,5.74,2.34,178.86,0.66,5.25,1.39,86.10,0.34,2.84,0.58,101.96,0.53,3.35,0.73
2014-Marzo,90.59,0.62,3.26,2.04,109.99,0.25,0.41,0.93,115.46,0.23,3.25,0.68,272.40,0.59,5.79,2.95,178.84,-0.01,5.10,1.38,86.54,0.52,2.99,1.10,102.40,0.43,3.38,1.17
2014-Abril,91.63,1.14,3.68,3.20,109.47,-0.47,0.57,0.45,115.68,0.19,3.27,0.87,273.50,0.40,5.97,3.36,179.63,0.44,4.90,1.83,86.91,0.43,3.49,1.53,102.90,0.49,3.53,1.66
2014-Mayo,92.11,0.53,4.21,3.75,109.72,0.23,0.95,0.68,115.94,0.22,3.22,1.10,274.90,0.51,6.22,3.89,181.32,0.94,4.85,2.79,86.93,0.02,3.70,1.55,103.04,0.13,3.25,1.80
2014-Junio,92.46,0.38,4.59,4.14,110.15,0.39,1.14,1.07,116.56,0.53,3.13,1.64,276.10,0.44,6.23,4.35,183.74,1.33,6.05,4.16,86.94,0.02,3.68,1.56,103.50,0.45,3.36,2.26
2014-Julio,93.30,0.91,5.19,5.09,110.77,0.56,1.83,1.64,117.23,0.57,3.41,2.22,278.20,0.76,6.59,5.14,184.68,0.51,6.94,4.69,87.26,0.36,3.41,1.93,102.60,-0.87,2.19,1.37
2014-Agosto,93.61,0.33,5.49,5.44,111.04,0.24,1.99,1.89,117.72,0.42,3.70,2.65,278.60,0.14,6.34,5.29,185.27,0.32,6.73,5.03,87.60,0.39,3.13,2.33,102.77,0.16,2.08,1.53
2014-Setiembre,93.49,-0.14,5.20,5.30,110.91,-0.12,1.70,1.77,117.78,0.05,3.45,2.70,278.90,0.11,6.13,5.40,185.07,-0.11,6.49,4.91,87.77,0.19,2.83,2.53,103.11,0.33,2.35,1.87
2014-Octubre,93.21,-0.29,5.70,4.99,110.97,0.05,1.89,1.83,117.96,0.15,3.64,2.86,279.70,0.29,6.31,5.71,185.39,0.17,6.68,5.10,87.69,-0.08,2.88,2.44,103.00,-0.10,2.10,1.76
2014-Noviembre,93.53,0.34,5.89,5.35,110.40,-0.51,1.28,1.30,118.19,0.19,3.38,3.06,280.70,0.36,6.41,6.08,187.96,1.39,7.67,6.55,87.57,-0.14,2.68,2.30,102.60,-0.39,1.64,1.37
2014-Diciembre,93.33,-0.21,5.13,5.13,109.50,-0.82,0.48,0.48,118.06,-0.11,2.95,2.95,280.00,-0.25,5.82,5.82,187.83,-0.07,6.48,6.48,86.96,-0.70,1.58,1.58,102.23,-0.36,1.01,1.01
2015-Enero,93.37,0.04,4.39,0.04,108.69,-0.74,-0.75,-0.74,117.64,-0.36,2.32,-0.36,278.90,-0.39,3.83,-0.39,187.36,-0.25,5.45,-0.25,86.79,-0.19,1.16,-0.19,102.30,0.06,0.87,0.06
2015-Febrero,93.22,-0.16,3.53,-0.13,108.56,-0.12,-1.06,-0.86,118.01,0.31,2.44,-0.04,280.70,0.65,3.66,0.25,188.71,0.72,5.51,0.47,86.97,0.20,1.02,0.02,101.50,-0.78,-0.45,-0.72
2015-Marzo,93.35,0.15,3.05,0.02,109.10,0.50,-0.81,-0.37,118.26,0.21,2.43,0.17,282.60,0.68,3.74,0.93,189.44,0.38,5.92,0.85,87.10,0.14,0.64,0.16,102.40,0.89,0,0.16
2015-Abril,93.28,-0.08,1.81,-0.06,109.11,0.01,-0.33,-0.36,118.66,0.34,2.58,0.51,283.30,0.25,3.58,1.18,189.82,0.20,5.67,1.06,86.88,-0.25,-0.04,-0.09,102.90,0.49,0,0.65
2015-Mayo,93.01,-0.29,0.97,-0.35,109.33,0.20,-0.36,-0.16,118.90,0.20,2.55,0.71,284.50,0.42,3.49,1.61,190.79,0.51,5.22,1.58,87.13,0.29,0.23,0.19,103.40,0.49,0.35,1.14
2015-Junio,93.40,0.43,1.02,0.08,109.24,-0.08,-0.83,-0.24,119.34,0.37,2.39,1.08,286.10,0.56,3.62,2.18,190.76,-0.02,3.82,1.56,87.48,0.41,0.62,0.60,103.50,0.10,0,1.24
2015-Julio,93.00,-0.43,-0.32,-0.35,109.16,-0.07,-1.45,-0.31,119.95,0.51,2.32,1.60,287.10,0.35,3.20,2.54,190.37,-0.21,3.08,1.35,87.69,0.24,0.50,0.85,103.60,0.10,0.97,1.34
2015-Agosto,92.92,-0.09,-0.74,-0.44,108.82,-0.31,-2.00,-0.62,120.03,0.07,1.96,1.67,287.20,0.03,3.09,2.57,190.36,-0.01,2.75,1.34,87.97,0.32,0.43,1.17,103.20,-0.39,0.42,0.94
2015-Setiembre,92.68,-0.26,-0.86,-0.70,108.41,-0.38,-2.25,-1.00,119.99,-0.03,1.88,1.63,286.60,-0.21,2.76,2.36,190.19,-0.08,2.77,1.26,88.11,0.16,0.39,1.33,102.70,-0.48,-0.39,0.46
2015-Octubre,92.42,-0.28,-0.86,-0.98,110.76,2.17,-0.19,1.15,120.59,0.50,2.23,2.14,286.80,0.07,2.54,2.43,191.01,0.43,3.03,1.69,88.77,0.74,1.23,2.08,102.60,-0.10,-0.39,0.36
2015-Noviembre,92.41,-0.01,-1.20,-0.99,110.69,-0.06,0.26,1.09,121.16,0.47,2.51,2.63,286.60,-0.07,2.10,2.36,191.69,0.36,1.99,2.06,88.91,0.17,1.54,2.25,102.60,0,0,0.36
2015-Diciembre,92.58,0.19,-0.81,-0.81,110.61,-0.07,1.01,1.01,121.68,0.43,3.07,3.07,286.60,0,2.36,2.36,193.56,0.98,3.05,3.05,89.00,0.09,2.34,2.34,102.50,-0.10,0.26,0.26
2016-Enero,93.21,0.68,-0.17,0.68,110.67,0.05,1.82,0.05,122.79,0.91,4.38,0.91,287.50,0.31,3.08,0.31,193.34,-0.11,3.19,-0.11,88.99,-0.01,2.53,-0.01,102.60,0.10,0.29,0.10
2016-Febrero,93.19,-0.02,-0.03,0.65,110.37,-0.27,1.67,-0.22,123.05,0.21,4.27,1.13,288.90,0.49,2.92,0.80,195.13,0.93,3.40,0.81,88.49,-0.56,1.74,-0.57,102.70,0.10,1.18,0.20
2016-Marzo,92.34,-0.91,-1.09,-0.26,110.32,-0.05,1.12,-0.26,123.30,0.20,4.26,1.33,289.60,0.24,2.48,1.05,196.36,0.63,3.66,1.45,88.48,-0.01,1.59,-0.58,103.00,0.29,0.59,0.49
2016-Abril,92.42,0.09,-0.92,-0.17,110.05,-0.24,0.86,-0.51,123.51,0.17,4.09,1.50,290.20,0.21,2.44,1.26,196.64,0.14,3.60,1.59,88.40,-0.09,1.75,-0.67,103.50,0.49,0.58,0.98
2016-Mayo,92.60,0.19,-0.43,0.03,110.13,0.07,0.73,-0.43,124.08,0.46,4.36,1.97,291.20,0.34,2.36,1.61,197.76,0.57,3.65,2.17,88.62,0.25,1.71,-0.42,103.70,0.19,0.29,1.17
2016-Junio,92.58,-0.02,-0.88,0.01,110.24,0.10,0.92,-0.33,124.63,0.44,4.43,2.42,293.10,0.65,2.45,2.27,197.56,-0.10,3.56,2.06,89.15,0.60,1.91,0.17,103.60,-0.10,0.10,1.07
2016-Julio,93.45,0.93,0.48,0.94,110.12,-0.11,0.88,-0.44,125.49,0.69,4.62,3.13,294.00,0.31,2.40,2.58,198.20,0.32,4.11,2.40,89.32,0.19,1.85,0.36,103.70,0.10,0.10,1.17
2016-Agosto,93.48,0.03,0.60,0.97,109.85,-0.25,0.95,-0.69,125.72,0.18,4.74,3.32,294.40,0.14,2.51,2.72,197.49,-0.36,3.75,2.03,89.27,-0.06,1.47,0.31,103.70,0,0.48,1.17
2016-Setiembre,93.03,-0.47,0.39,0.49,109.51,-0.31,1.01,-0.99,125.46,-0.21,4.56,3.11,294.90,0.17,2.90,2.90,196.89,-0.30,3.52,1.72,89.30,0.04,1.35,0.35,103.90,0.19,1.17,1.37
2016-Octubre,92.93,-0.12,0.55,0.37,109.79,0.26,-0.88,-0.74,126.33,0.69,4.76,3.82,294.90,0,2.82,2.90,197.50,0.31,3.40,2.03,89.58,0.30,0.91,0.65,104.00,0.10,1.36,1.46
2016-Noviembre,92.93,0,0.56,0.37,109.78,-0.01,-0.82,-0.75,126.82,0.39,4.67,4.22,295.30,0.14,3.04,3.04,198.03,0.27,3.31,2.31,89.69,0.13,0.88,0.79,103.90,-0.10,1.27,1.37
2016-Diciembre,93.29,0.39,0.77,0.77,109.58,-0.18,-0.93,-0.93,126.83,0.01,4.23,4.23,296.10,0.27,3.31,3.31,199.62,0.80,3.13,3.13,90.50,0.90,1.70,1.70,104.00,0.10,1.46,1.46
2017-Enero,93.82,0.57,0.66,0.57,110.39,0.74,-0.25,0.74,127.49,0.52,3.83,0.52,297.40,0.44,3.44,0.44,200.85,0.61,3.88,0.61,91.06,0.62,2.33,0.62,104.30,0.29,1.66,0.29
2017-Febrero,94.20,0.40,1.09,0.97,110.69,0.27,0.29,1.01,127.92,0.34,3.96,0.86,300.00,0.87,3.84,1.32,202.34,0.74,3.69,1.36,91.45,0.42,3.34,1.04,104.60,0.29,1.85,0.58
2017-Marzo,93.80,-0.42,1.58,0.55,110.92,0.21,0.54,1.22,128.23,0.24,4.00,1.10,301.00,0.33,3.94,1.65,202.58,0.12,3.17,1.48,91.26,-0.20,3.14,0.84,104.50,-0.10,1.46,0.48
2017-Abril,93.94,0.15,1.64,0.70,111.00,0.07,0.86,1.30,128.56,0.26,4.09,1.36,302.10,0.37,4.10,2.03,203.24,0.32,3.35,1.81,91.50,0.27,3.51,1.11,104.50,0,0.97,0.48
2017-Mayo,94.15,0.22,1.67,0.92,111.19,0.17,0.96,1.47,128.96,0.31,3.93,1.68,303.00,0.30,4.05,2.33,203.51,0.13,2.91,1.95,91.37,-0.14,3.11,0.96,104.50,0,0.77,0.48
2017-Junio,94.23,0.08,1.77,1.01,111.26,0.06,0.93,1.53,130.07,0.86,4.36,2.55,303.80,0.26,3.65,2.60,203.61,0.05,3.06,2.00,91.42,0.06,2.55,1.02,104.30,-0.19,0.68,0.29
2017-Julio,94.53,0.32,1.16,1.33,111.24,-0.02,1.02,1.51,132.04,1.51,5.22,4.11,304.70,0.30,3.64,2.90,204.40,0.39,3.13,2.39,91.59,0.18,2.54,1.20,104.10,-0.19,0.39,0.10
2017-Agosto,94.33,-0.22,0.91,1.11,111.10,-0.13,1.14,1.39,131.65,-0.30,4.72,3.80,305.70,0.33,3.84,3.24,204.35,-0.03,3.47,2.37,92.11,0.57,3.18,1.77,104.40,0.29,0.68,0.38
2017-Setiembre,94.56,0.25,1.64,1.37,111.22,0.11,1.56,1.50,130.93,-0.55,4.36,3.23,305.70,0,3.66,3.24,205.01,0.32,4.12,2.70,92.70,0.64,3.80,2.42,104.70,0.29,0.77,0.67
2017-Octubre,95.09,0.56,2.33,1.93,111.36,0.13,1.43,1.62,131.64,0.54,4.20,3.79,306.60,0.29,3.97,3.55,206.13,0.55,4.37,3.26,92.70,0,3.48,2.42,104.50,-0.19,0.48,0.48
2017-Noviembre,95.24,0.16,2.49,2.09,111.62,0.23,1.68,1.86,132.77,0.86,4.69,4.68,308.10,0.49,4.33,4.05,208.62,1.21,5.35,4.51,93.40,0.76,4.14,3.20,104.30,-0.19,0.38,0.29
2017-Diciembre,95.69,0.47,2.57,2.57,111.81,0.17,2.04,2.04,134.03,0.95,5.68,5.68,310.10,0.65,4.73,4.73,210.96,1.12,5.68,5.68,94.31,0.97,4.20,4.20,104.50,0.19,0.48,0.48
2018-Enero,96.08,0.41,2.41,0.41,111.96,0.13,1.42,0.13,133.50,-0.40,4.71,-0.40,311.00,0.29,4.57,0.29,211.61,0.31,5.36,0.31,94.58,0.29,3.86,0.29,104.70,0.19,0.38,0.19
2018-Febrero,96.28,0.21,2.21,0.62,112.05,0.08,1.23,0.21,133.23,-0.20,4.15,-0.60,313.00,0.64,4.33,0.94,212.08,0.22,4.82,0.53,94.48,-0.11,3.32,0.18,105.00,0.29,0.38,0.48
2018-Marzo,96.25,-0.03,2.61,0.59,111.93,-0.11,0.91,0.11,133.54,0.23,4.14,-0.37,314.10,0.35,4.35,1.29,212.38,0.14,4.84,0.68,94.83,0.37,3.91,0.55,105.10,0.10,0.57,0.57
2018-Abril,96.17,-0.08,2.38,0.51,111.97,0.04,0.87,0.14,133.60,0.04,3.92,-0.32,314.80,0.22,4.20,1.52,213.04,0.31,4.82,0.99,95.21,0.40,4.05,0.95,105.30,0.19,0.77,0.77
2018-Mayo,96.07,-0.11,2.04,0.40,112.11,0.13,0.83,0.27,134.23,0.47,4.09,0.15,315.10,0.10,3.99,1.61,214.22,0.55,5.26,1.55,95.46,0.26,4.47,1.22,105.30,0,0.77,0.77
2018-Junio,96.24,0.18,2.13,0.57,112.26,0.13,0.90,0.40,135.00,0.57,3.79,0.72,316.40,0.41,4.15,2.03,215.15,0.44,5.67,1.99,95.66,0.21,4.63,1.43,105.52,0.21,1.17,0.97
2018-Julio,96.50,0.28,2.08,0.85,112.42,0.14,1.06,0.55,135.48,0.36,2.61,1.08,317.60,0.38,4.23,2.42,214.97,-0.08,5.17,1.90,95.64,-0.02,4.43,1.41,105.46,-0.06,1.30,0.92
2018-Agosto,96.44,-0.07,2.24,0.78,112.71,0.26,1.45,0.80,136.08,0.44,3.36,1.53,319.00,0.44,4.35,2.87,214.47,-0.24,4.95,1.66,95.67,0.03,3.87,1.44,105.53,0.07,1.08,0.98
2018-Setiembre,96.65,0.22,2.21,1.01,112.76,0.04,1.38,0.85,136.89,0.60,4.55,2.13,319.10,0.03,4.38,2.90,215.54,0.50,5.14,2.17,95.74,0.08,3.29,1.52,105.49,-0.04,0.75,0.95
2018-Octubre,97.01,0.37,2.03,1.38,113.02,0.23,1.49,1.08,137.35,0.34,4.34,2.48,320.90,0.56,4.66,3.48,216.65,0.51,5.10,2.70,95.96,0.22,3.52,1.75,105.57,0.08,1.03,1.03
2018-Noviembre,97.42,0.42,2.29,1.81,112.82,-0.18,1.08,0.90,136.95,-0.29,3.15,2.18,322.60,0.53,4.71,4.03,217.79,0.52,4.40,3.24,95.62,-0.35,2.37,1.39,105.11,-0.44,0.78,0.59
2018-Diciembre,97.63,0.21,2.03,2.03,112.30,-0.46,0.44,0.44,137.13,0.13,2.31,2.31,323.20,0.19,4.22,4.22,219.15,0.63,3.89,3.89,95.41,-0.22,1.17,1.17,104.67,-0.43,0.16,0.16
2019-Enero,97.68,0.05,1.67,0.05,112.24,-0.05,0.25,-0.05,138.98,1.35,4.10,1.35,323.30,0.03,3.95,0.03,218.60,-0.25,3.30,-0.25,95.25,-0.17,0.71,-0.17,104.38,-0.27,-0.30,-0.27
2019-Febrero,97.76,0.08,1.54,0.13,112.44,0.18,0.35,0.13,139.17,0.14,4.46,1.49,325.80,0.77,4.09,0.80,219.20,0.27,3.36,0.02,95.60,0.37,1.19,0.20,104.47,0.09,-0.50,-0.18
2019-Marzo,97.62,-0.14,1.42,-0.01,112.69,0.23,0.68,0.35,139.11,-0.04,4.17,1.44,327.10,0.40,4.14,1.21,223.19,1.82,5.09,1.84,96.23,0.65,1.47,0.86,104.91,0.41,-0.18,0.23
2019-Abril,98.17,0.56,2.07,0.55,112.87,0.16,0.80,0.51,139.95,0.60,4.75,2.06,330.10,0.92,4.86,2.13,225.34,0.96,5.77,2.82,96.74,0.53,1.61,1.39,105.20,0.28,-0.09,0.51
2019-Mayo,98.30,0.14,2.32,0.69,113.01,0.13,0.81,0.63,140.32,0.26,4.54,2.33,331.30,0.36,5.14,2.51,227.06,0.77,5.99,3.61,96.71,-0.03,1.31,1.36,105.30,0.09,0,0.60
2019-Junio,98.57,0.27,2.42,0.96,112.85,-0.14,0.53,0.49,141.48,0.83,4.80,3.17,331.60,0.09,4.80,2.60,227.26,0.09,5.63,3.70,96.53,-0.18,0.92,1.17,104.95,-0.33,-0.54,0.27
2019-Julio,99.29,0.73,2.89,1.70,112.56,-0.26,0.13,0.23,141.40,-0.06,4.37,3.11,332.50,0.27,4.69,2.88,228.05,0.35,6.08,4.06,96.98,0.47,1.40,1.64,105.18,0.22,-0.27,0.49
2019-Agosto,99.19,-0.10,2.86,1.60,112.16,-0.36,-0.49,-0.12,140.18,-0.86,3.01,2.22,332.70,0.06,4.29,2.94,227.98,-0.03,6.30,4.03,97.31,0.34,1.72,1.99,104.89,-0.28,-0.61,0.21
2019-Setiembre,99.10,-0.10,2.53,1.50,111.99,-0.15,-0.68,-0.27,139.36,-0.58,1.80,1.63,333.20,0.15,4.42,3.09,227.67,-0.14,5.62,3.89,97.68,0.38,2.02,2.38,104.84,-0.05,-0.62,0.17
2019-Octubre,99.02,-0.07,2.07,1.43,112.04,0.04,-0.87,-0.23,140.33,0.70,2.17,2.33,334.00,0.24,4.08,3.34,228.44,0.34,5.44,4.24,98.33,0.67,2.48,3.06,104.78,-0.05,-0.75,0.11
2019-Noviembre,99.23,0.21,1.86,1.64,112.17,0.12,-0.57,-0.11,140.95,0.44,2.92,2.79,335.00,0.30,3.84,3.65,230.24,0.79,5.72,5.06,98.70,0.37,3.23,3.45,104.77,-0.01,-0.33,0.10
2019-Diciembre,99.12,-0.12,1.52,1.52,112.29,0.10,-0.01,-0.01,141.80,0.60,3.41,3.41,336.40,0.42,4.08,4.08,232.59,1.02,6.13,6.13,98.90,0.20,3.66,3.66,104.60,-0.16,-0.06,-0.06
2020-Enero,99.23,0.11,1.58,0.11,112.15,-0.12,-0.08,-0.12,141.46,-0.24,1.78,-0.24,337.20,0.24,4.30,0.24,232.63,0.02,6.42,0.02,99.23,0.33,4.17,0.33,104.75,0.15,0.36,0.15
2020-Febrero,99.51,0.29,1.79,0.40,112.00,-0.13,-0.39,-0.26,140.89,-0.40,1.24,-0.64,338.80,0.47,3.99,0.71,233.26,0.27,6.41,0.29,99.10,-0.13,3.66,0.20,104.49,-0.25,0.01,-0.11
2020-Marzo,99.48,-0.03,1.91,0.37,112.09,0.08,-0.53,-0.18,141.57,0.48,1.77,-0.16,339.80,0.30,3.88,1.01,233.05,-0.09,4.42,0.20,98.58,-0.52,2.45,-0.32,104.03,-0.44,-0.84,-0.55
2020-Abril,99.04,-0.44,0.89,-0.08,111.69,-0.36,-1.05,-0.54,142.58,0.71,1.88,0.55,341.10,0.38,3.33,1.40,232.65,-0.17,3.25,0.03,97.78,-0.82,1.07,-1.14,102.70,-1.27,-2.37,-1.81
2020-Mayo,98.90,-0.15,0.61,-0.22,111.94,0.23,-0.95,-0.31,142.85,0.19,1.80,0.74,338.90,-0.64,2.29,0.74,233.72,0.46,2.93,0.49,97.66,-0.11,0.99,-1.25,102.70,-0.01,-2.47,-1.82
2020-Junio,98.88,-0.02,0.31,-0.24,112.59,0.58,-0.23,0.27,144.86,1.41,2.39,2.16,340.40,0.44,2.65,1.19,235.49,0.75,3.62,1.25,99.33,1.70,2.90,0.43,103.23,0.52,-1.64,-1.31
2020-Julio,99.13,0.26,-0.17,0.01,112.49,-0.09,-0.06,0.18,145.47,0.42,2.88,2.59,342.80,0.71,3.10,1.90,235.91,0.18,3.44,1.43,101.20,1.88,4.35,2.32,102.81,-0.40,-2.25,-1.71
2020-Agosto,99.12,0,-0.07,0.01,111.82,-0.60,-0.30,-0.42,146.05,0.40,4.19,3.00,343.40,0.18,3.22,2.08,234.53,-0.59,2.87,0.83,101.99,0.78,4.80,3.12,102.83,0.02,-1.96,-1.69
2020-Setiembre,99.39,0.27,0.30,0.28,111.56,-0.24,-0.39,-0.65,146.28,0.16,4.97,3.16,344.50,0.32,3.39,2.41,234.06,-0.20,2.81,0.63,102.60,0.60,5.03,3.74,102.89,0.06,-1.86,-1.63
2020-Octubre,99.47,0.08,0.45,0.36,111.81,0.22,-0.21,-0.43,147.83,1.06,5.34,4.25,346.20,0.49,3.65,2.91,234.58,0.23,2.69,0.86,103.28,0.66,5.03,4.42,102.74,-0.14,-1.95,-1.78
2020-Noviembre,99.47,0,0.24,0.36,111.98,0.15,-0.18,-0.28,148.65,0.55,5.46,4.83,347.80,0.46,3.82,3.39,236.33,0.74,2.64,1.61,103.89,0.60,5.26,5.05,102.63,-0.10,-2.04,-1.88
2020-Diciembre,100.00,0.53,0.89,0.89,112.20,0.20,-0.09,-0.09,148.64,-0.01,4.82,4.82,349.90,0.60,4.01,4.01,239.40,1.30,2.93,2.93,104.39,0.48,5.55,5.55,102.95,0.31,-1.58,-1.58
2021-Enero,100.18,0.18,0.96,0.18,112.49,0.27,0.31,0.27,148.87,0.15,5.24,0.15,351.30,0.40,4.18,0.40,240.03,0.26,3.18,0.26,105.40,0.97,6.23,0.97,103.27,0.31,-1.41,0.31
2021-Febrero,99.92,-0.26,0.41,-0.08,113.19,0.62,1.06,0.88,149.34,0.32,6.00,0.47,351.90,0.17,3.87,0.57,242.06,0.85,3.77,1.11,106.12,0.68,7.09,1.66,103.88,0.58,-0.59,0.90
2021-Marzo,99.95,0.03,0.47,-0.05,114.08,0.78,1.77,1.68,149.84,0.33,5.84,0.81,353.20,0.37,3.94,0.94,242.63,0.23,4.11,1.35,106.76,0.60,8.30,2.27,104.33,0.43,0.29,1.34
2021-Abril,100.24,0.29,1.21,0.24,114.81,0.64,2.79,2.33,150.00,0.11,5.20,0.91,354.60,0.40,3.96,1.34,242.89,0.11,4.40,1.46,107.21,0.41,9.65,2.69,104.46,0.12,1.71,1.46
2021-Mayo,100.22,-0.01,1.34,0.22,114.84,0.03,2.59,2.36,150.24,0.16,5.17,1.08,355.30,0.20,4.84,1.54,243.01,0.05,3.97,1.51,107.90,0.65,10.48,3.36,104.67,0.21,1.92,1.67
2021-Junio,100.76,0.54,1.91,0.76,115.51,0.58,2.59,2.95,150.52,0.19,3.91,1.26,356.30,0.28,4.67,1.83,244.77,0.72,3.94,2.24,108.59,0.63,9.32,4.02,104.86,0.18,1.58,1.85
2021-Julio,100.55,-0.21,1.44,0.55,116.36,0.73,3.43,3.71,151.02,0.33,3.82,1.60,357.40,0.31,4.26,2.14,245.62,0.35,4.12,2.60,109.17,0.54,7.88,4.57,105.25,0.37,2.37,2.23
2021-Agosto,100.83,0.28,1.72,0.83,116.63,0.23,4.30,3.95,151.33,0.21,3.62,1.81,358.80,0.39,4.48,2.54,246.21,0.24,4.98,2.84,110.04,0.80,7.90,5.41,105.29,0.04,2.39,2.27
2021-Setiembre,101.47,0.63,2.09,1.47,117.10,0.41,4.97,4.37,151.65,0.21,3.67,2.03,360.40,0.45,4.62,3.00,247.77,0.63,5.86,3.49,110.54,0.45,7.74,5.88,105.45,0.15,2.49,2.43
2021-Octubre,101.96,0.49,2.50,1.96,117.95,0.72,5.49,5.13,152.20,0.36,2.96,2.40,362.30,0.53,4.65,3.54,249.62,0.75,6.41,4.27,111.24,0.64,7.72,6.56,105.77,0.30,2.94,2.73
2021-Noviembre,102.80,0.82,3.35,2.80,118.92,0.83,6.20,6.00,152.94,0.49,2.89,2.89,365.00,0.75,4.95,4.32,253.10,1.39,7.10,5.72,112.45,1.08,8.23,7.71,106.08,0.30,3.36,3.04
2021-Diciembre,103.30,0.48,3.30,3.30,119.06,0.11,6.11,6.11,153.20,0.17,3.07,3.07,368.50,0.96,5.32,5.32,256.66,1.41,7.21,7.21,113.26,0.73,8.50,8.50,105.65,-0.41,2.62,2.62
2022-Enero,--,--,--,--,--,--,--,--,--,--,--,--,373.00,1.22,6.18,1.22,--,--,--,--,--,--,--,--,--,--,--,--