fecha,tipo_de_cambio_de_compra_promedio_del_mes,tipo_de_cambio_de_venta_promedio_del_mes,ipc_variacion_interanual,cafe_valor_exportado,banano_valor_exportado,azucar_valor_exportado,deuda_total_pib,deuda_interna_bruta_pib,deuda_externa_pib,tasa_de_interes_activa_nominal_en_mn,tasa_de_interes_pasiva_nominal_en_mn,tasa_de_interes_activa_real_en_mn,tasa_de_interes_pasiva_real_en_mn,itcer_con_usa_variacion_interanual,itcer_global_variacion_interanual,itcer_con_la_region_capard_variacion_interanual,itcer_con_el_resto_del_mundo_variacion_interanual,imae_variacion_interanual,imae_variacion_interanual_2,base_monetaria_amplia,base_monetaria_restringida,agregado_monetario_m2,agregado_monetario_m1,exportaciones_totales,tasa_de_politica_monetaria,hidrocarburos_valor_importado
2005-01-01,7.75,7.77,9.04,38.55975084793468,20.042952821149473,29.266961396281978,27.65,14.08,13.57,13.52,4.56,4.11,-4.11,-9.61,-8.67,-7.4,-9.02,3.07,4.57,0.5865768575644026,10.29354321897511,16.759588125810332,15.483454218944814,13.795804759655983,2.55,-3.4598208774413663
2005-02-01,7.71,7.73,9.04,23.610728615526398,-63.777319660779774,46.049914493417134,27.42,13.88,13.53,13.52,4.58,4.11,-4.09,-10.05,-8.98,-8,-9.24,2.66,4.72,10.077731517854005,6.9097091349267,8.603975935680985,8.538380408631419,13.965683227222936,2.75,53.2731376865458
2005-03-01,7.6,7.63,8.77,25.010629741421518,6.928766832493327,-29.36961233215367,28.17,14.73,13.44,13.49,4.53,4.34,-3.89,-10.85,-9.63,-8.92,-9.81,4.32,4.75,10.286125511672495,11.08545775920522,9.29317311559732,8.697585490376802,1.8311337915956294,2.75,28.871377235192863
2005-04-01,7.59,7.62,8.88,37.58088985252761,7.15536923486253,-23.95748517953202,28.35,14.95,13.4,13.1,4.57,3.88,-3.96,-10.13,-8.99,-8.6,-9.09,4.66,4.61,13.38993699439559,10.146893357510578,11.668207173178757,13.664554054788525,22.149949011364267,2.75,25.319209186427027
2005-05-01,7.58,7.6,8.52,42.886078011704896,69.408307206485,300.9525595686327,28.24,14.84,13.4,13.04,4.59,4.16,-3.62,-9.92,-7.98,-7.73,-8.04,5.97,4.26,9.262835711276018,10.880285984879912,12.474181721308675,13.919757449494341,20.62935228302578,3,13.47950162328777
2005-06-01,7.6,7.62,8.8,46.31975747767365,-7.193121900863186,-52.2059557598487,28.1,14.74,13.36,13.02,4.62,3.88,-3.84,-9.59,-8.09,-7.22,-8.33,4.23,3.63,9.27253806738122,12.916130297780626,12.496185025604944,14.144721515638992,2.3860487341107905,3,107.80807249457638
2005-07-01,7.58,7.6,9.3,43.373816380412535,28.70006414203017,-39.624414986431546,28.37,15.03,13.34,12.9,4.58,3.29,-4.32,-9.23,-8.21,-7.62,-8.36,2.1,2.89,3.453694001490959,12.27454156805532,12.293792644741686,14.847448952552966,-0.12131016449270504,3.25,48.76912655832557
2005-08-01,7.58,7.59,9.37,27.77692758103969,-17.689696598304216,-94.22369138187403,28.96,15.63,13.33,12.88,4.58,3.21,-4.38,-9.06,-8.05,-7.86,-8.1,2.36,2.26,-2.707427896333492,17.663254018607155,13.102633125392238,16.160089944044564,0.9334159973117373,3.5,39.899313411986
2005-09-01,7.61,7.63,9.45,54.343318102755504,11.052467320606052,97.8714028176312,29.07,15.77,13.31,12.78,4.6,3.05,-4.43,-7.68,-7.26,-7.41,-7.2,2.73,1.97,-3.6988340307352985,8.537937344300417,13.257528869776714,14.474021569354,10.33176140280263,3.75,14.357922471925644
2005-10-01,7.67,7.69,10.29,11.76063728169523,-0.1518603177189881,218.28358398841195,28.72,15.47,13.25,12.72,4.58,2.2,-5.18,-7.23,-7.19,-6.54,-7.36,-0.99,2.07,-1.3630669717704436,10.945256531680059,13.052312952223843,14.551756433071539,-9.514033254512988,3.75,44.56810537262248
2005-11-01,7.6,7.62,9.25,51.89781422035962,29.961714423205876,160.04759405768695,28.94,15.74,13.19,12.78,4.64,3.23,-4.22,-7.23,-7.7,-6.64,-7.99,1.3,2.49,-3.7155853300474107,13.940497332109736,14.126114901604225,16.431113853647794,10.122444051327495,4,53.92660788445767
2005-12-01,7.6,7.62,8.57,-23.260965759711816,-62.1498508253779,15.753539695881535,28.81,15.6,13.21,12.7,4.62,3.81,-3.64,-6.75,-7.54,-6.12,-7.93,4.29,3.02,-6.561925181662787,13.3172218720631,14.441258964157555,16.921923067083355,-5.507257486238171,4.25,29.851232387227444
2006-01-01,7.61,7.63,8.08,7.036649807656348,-0.3624505598960326,47.29311097130577,27.47,14.59,12.88,12.72,4.62,4.29,-3.2,-5.53,-5.59,-5.64,-5.57,4.68,3.41,14.193780459193484,18.890595565601842,15.750631500324808,17.344464003507376,8.350432975407163,4.25,79.99900712074376
2006-02-01,7.6,7.62,7.26,-3.5242151649140574,32.705345608899925,30.760506807518695,27.2,14.34,12.86,12.74,4.65,5.11,-2.44,-4.76,-4.77,-4.53,-4.83,3.44,3.63,6.853590538236887,17.900900505095407,17.19693013249497,16.321121059153576,0.04670714704246848,4.25,51.601951025172085
2006-03-01,7.61,7.63,7.28,-17.05025300204963,-77.97834872194915,76.09478015330905,27.36,14.37,12.99,12.76,4.65,5.11,-2.45,-3.58,-3.77,-3.18,-3.93,6.55,3.7,8.316333575768908,13.375965811903257,18.09729157532125,17.84896117551451,11.755620113119658,4.25,9.102817990733847
2006-04-01,7.58,7.6,7.48,-28.18770786910725,-31.76228743296141,-1.3757740641823002,27.09,14.11,12.98,12.74,4.69,4.89,-2.6,-3.8,-3.9,-3.44,-4.02,0.2,3.78,6.143522201670493,14.481693102227133,17.378199602607225,15.596970005763389,-20.95080209984408,4.5,40.56147415066178
2006-05-01,7.57,7.59,7.62,-42.23602155139554,-71.61729573371338,-674.7195213969695,27.5,14.48,13.02,12.7,4.7,4.72,-2.71,-3.3,-3.4,-3.49,-3.37,3.39,4.09,5.4299698314213884,15.174487369229439,17.224853688771802,15.03211900710415,-0.35076895554526644,4.5,55.779882650021406
2006-06-01,7.6,7.62,7.55,-26.53718314468163,-9.688422364400084,137.7519739041698,26.97,14,12.98,12.72,4.7,4.8,-2.65,-3.05,-3.37,-3.07,-3.45,5.33,4.8,8.100889278676426,14.308639945301493,18.645815581211345,16.899181975247224,11.734630925852585,4.75,-58.1341399216936
2006-07-01,7.57,7.59,7.04,2.0751971268900604,-17.766981624768306,48.63386366000104,27.51,14.53,12.98,12.7,4.69,5.29,-2.19,-2.78,-2.6,-2.39,-2.65,5.62,5.78,11.072145631560204,18.440363524048564,20.08614765309371,17.832953552441744,13.933084910717408,5,41.98150370994176
2006-08-01,7.57,7.59,7,27.82486669487856,11.59781063222285,75.54510638961001,26.94,14.39,12.56,12.69,4.7,5.32,-2.15,-3.04,-2.87,-2.78,-2.89,6.29,6.69,9.847984610549254,13.310208759671305,18.923367566273086,16.150220620855116,18.484876331412448,5,-16.86090341357316
2006-09-01,7.6,7.61,5.7,63.207814721112364,30.605529270840037,0.5335124358580856,27.36,14.89,12.47,12.7,4.72,6.62,-0.93,-3.63,-2.8,-2.26,-2.95,7.96,7.3,10.114894509332117,21.367732762684888,18.99653533364507,16.846996407458548,26.334133703389373,5,64.88005704602911
2006-10-01,7.6,7.62,3.85,88.8632595720142,-56.67332557042868,-70.9927005927458,26.55,14.1,12.45,12.91,4.81,8.72,0.92,-3.23,-1.96,-1.99,-1.95,10.14,7.55,12.011013986513142,18.233055166238188,19.427828956106197,17.127632276679527,35.27708825049123,5,27.856000235520373
2006-11-01,7.6,7.62,4.4,-21.674536690860037,47.012551357765545,-178.57759061250852,27.48,14.99,12.48,12.88,4.84,8.12,0.42,-2.35,-0.8,-0.6,-0.85,8.81,7.48,17.501674355732355,22.87376562482457,17.76429716970984,14.657553615843177,10.225092824816784,5,-47.922843719078934
2006-12-01,7.6,7.61,5.79,11.203610787161056,5.480823649499511,-5.057257363563217,27.52,14.88,12.64,12.9,4.84,6.72,-0.9,-3.17,-1.59,-1.33,-1.66,5,7.21,18.844295507912356,18.05912257642195,17.934345607922175,16.036822379841276,14.558223449205787,5,-44.36131681796142
2007-01-01,7.67,7.69,6.22,1.3633476336174954,67.29741142893499,-4.595072324993321,19.91,13.28,11.28,12.96,4.85,6.34,-1.29,-3.18,-1.78,-0.37,-2.19,6.17,6.95,0.6997038915233844,10.755873997169196,9.055380110134692,11.542564548426348,16.660306610529485,5,-5.341505817570269
2007-02-01,7.69,7.71,6.62,19.75639896535908,10.323962408868859,133.62935848162914,19.57,12.96,11.29,12.98,4.92,5.96,-1.6,-2.84,-1.54,-0.52,-1.84,7.08,6.79,9.44084174694968,16.980906739255808,14.402001437499834,18.47509687327733,27.274501143443164,5,22.959642727689022
2007-03-01,7.68,7.7,7.02,45.823748874036994,81.84573715253917,-10.559250730716707,20.34,13.23,11.82,12.89,4.92,5.48,-1.97,-3.03,-1.57,-0.61,-1.85,5.5,6.79,8.710929620635355,19.658233364391187,13.883777137577269,19.13833499983042,19.85235313702347,5.25,1.8773114507924404
2007-04-01,7.65,7.67,6.4,37.9515548254989,-12.2449564045505,178.97372238472872,20.4,13.2,11.88,12.81,4.91,6.02,-1.4,-2.73,-0.86,-0.22,-1.05,7.2,6.9,11.459226674920764,20.214565342043045,12.7939618764211,18.89163427640632,29.89673796267107,5.5,-20.3109183144357
2007-05-01,7.63,7.65,5.47,94.12701096672419,68.73871646346181,680.1653748099591,20.35,13.29,11.85,12.76,4.91,6.92,-0.53,-1.87,-0.09,0.44,-0.26,7.17,6.87,11.37703301989319,15.022690797692917,11.722432903985336,17.409900523843724,33.894952938276916,5.5,16.70236726102594
2007-06-01,7.67,7.69,5.31,38.20702682983948,75.59723846120275,-85.29073506709213,20.57,12.93,12.42,12.77,4.92,7.08,-0.37,-1.62,0.82,0.81,0.81,7.65,6.61,10.638806906391274,17.433273159392648,11.20739028224964,17.149538802262576,12.841440554614092,5.5,39.32096864473671
2007-07-01,7.67,7.69,5.59,1.187004520222601,15.742537357405073,-92.56572211942506,20.77,13.15,12.45,12.77,4.9,6.8,-0.65,-1.83,0.85,0.89,0.83,6.66,6.17,11.530326117734546,17.710820982362385,10.087173445831787,15.644353152814183,1.882900815290789,5.5,15.418991474634147
2007-08-01,7.65,7.67,6.21,12.553999483212674,47.506307102560186,73.0365373745565,20.66,13.54,12.01,12.6,4.91,6.02,-1.22,-2.97,-0.61,0.34,-0.89,6.54,5.7,13.323398681210286,18.555332322632445,9.940144994865818,15.572299775933729,10.33430364445902,5.5,60.08026504330424
2007-09-01,7.69,7.71,7.33,-62.7350006015178,-12.741969659336938,-77.95843051952272,20.61,13.54,12.01,12.8,4.92,5.09,-2.25,-3.1,-0.5,0.32,-0.75,4.28,5.28,13.915755937135188,16.26273067258346,9.848933570176932,16.026941652078897,-11.572252316351506,5.75,-24.88451181630964
2007-10-01,7.71,7.73,7.72,-60.449034997348505,95.58547926702947,64.33466808458905,20.63,13.58,12.1,12.84,4.91,4.76,-2.61,-2.54,0.55,0.97,0.42,4.74,4.9,11.450198690937619,16.49692643038012,10.303716019127052,16.556033930860004,4.510388688883449,6,13.399988642554916
2007-11-01,7.63,7.65,9.13,11.932631588643128,-33.19122651995179,82.89132109858843,20.86,13.86,12.09,12.89,4.94,3.45,-3.84,-4.03,-0.97,-0.22,-1.19,5.9,4.66,3.412338521611602,8.13213737625098,10.522820404938571,15.717542404400042,8.445383083851254,6.25,73.81397223074062
2007-12-01,7.61,7.64,8.75,31.047423859632637,13.685918271719766,-195.7504481836233,20.28,13.41,12.06,12.89,4.91,3.81,-3.53,-4.04,-1.26,-0.01,-1.61,4.05,4.62,2.8223323602256656,15.527461220992045,9.70176750227747,12.850581868157285,15.113676033987478,6.5,76.32251641854157
2008-01-01,7.7,7.71,8.39,50.362303776010634,-34.26416544871991,-40.42138045038097,17.74,11.76,10.47,12.74,4.94,4.01,-3.18,-3.47,-0.25,0.74,-0.53,4.76,4.76,17.8977567561736,0.7078063118262534,7.097322269754791,5.615099923337397,8.707263836129098,6.5,-33.37071908371287
2008-02-01,7.71,7.73,8.76,53.75593747368392,25.20218920528969,-181.94220869716116,17.53,11.76,10.42,12.78,4.94,3.69,-3.51,-4.01,-0.18,1.17,-0.56,4,4.91,0.7934399946107007,12.747591478593279,9.841508561918744,9.308382042297403,13.248658820798997,6.5,23.805986176758775
2008-03-01,7.63,7.65,9.1,22.25404819905723,8.373443596926133,-6.717152815706529,17.87,12.22,10.42,13.09,4.97,3.66,-3.79,-5.37,-1.05,-0.09,-1.32,0.19,4.95,-0.31054402806791614,8.9027877208542,9.420206601911474,6.5603904335540975,6.0624621816435464,6.75,53.99051245281541
2008-04-01,7.53,7.55,10.37,49.245776043460324,79.64404298379159,-87.88289166350664,17.76,12.31,10.36,13.23,4.99,2.59,-4.87,-7.33,-3.05,-1.79,-3.41,8.02,4.83,-1.7945748539197837,4.082812852996476,8.741836628936817,5.214965558237772,30.81593330108472,6.75,77.13126425746717
2008-05-01,7.42,7.45,12.24,-27.734341565388476,-10.728791747518551,-99.4512760456237,18.2,12.77,10.39,13.33,5.05,0.97,-6.41,-9.74,-5.94,-4,-6.48,5.17,4.6,-1.1795853412348123,6.028710890572242,8.174933238394289,4.505059363182973,-4.195788731587946,6.75,18.14737020386854
2008-06-01,7.48,7.51,13.56,11.639544531579915,-35.032097002917425,74.74529301118618,18.36,12.4,10.86,13.4,5.13,-0.14,-7.42,-9.78,-6.15,-4.37,-6.65,4.1,4.31,0.7905436684980671,5.958720871116974,7.20131628162175,2.1579321561278064,17.550445524308156,6.75,63.78093110882137
2008-07-01,7.43,7.45,14.16,5.643267681343289,-0.46015559128984584,65.70799539717669,18.87,12.99,10.82,13.48,5.22,-0.59,-7.83,-10.37,-6.98,-5.24,-7.47,2.56,3.96,0.4573252866288513,1.622107878016088,6.738893951282066,2.226276112455672,25.248434431465228,7.25,13.536146137698868
2008-08-01,7.4,7.42,13.69,-13.418761031042248,-4.9239625687534705,65.76054337015779,18.49,12.7,10.74,13.57,5.28,-0.1,-7.39,-10.43,-7.25,-5.19,-7.83,3.22,3.58,1.803934932247131,2.1996442162290464,6.2153427551560725,0.8811892101999064,15.150212222800974,7.25,7.347462915012759
2008-09-01,7.45,7.47,12.75,-10.109611687136866,12.904386456450245,60.765090547076504,18.72,12.97,10.7,13.67,5.34,0.82,-6.57,-9.83,-8.14,-4.59,-9.12,3.73,3.15,3.0890854815881497,0.38276840488915553,5.253383601780115,-0.36401809659896145,18.766328198584414,7.25,29.326402177443978
2008-10-01,7.51,7.54,12.93,-24.805227768101325,-5.721899603486014,105.06250149472685,18.99,13.07,10.82,13.76,5.42,0.74,-6.65,-10.57,-11.93,-4.98,-13.82,4.74,2.6,4.8400550920078445,2.2249956266550797,4.5216117051293025,-1.2499121143678238,11.102746862141633,7.25,-1.805824797148592
2008-11-01,7.62,7.65,10.85,-26.994005827594858,24.672737273592247,103.44209294850755,19.12,13.15,10.85,13.79,5.45,2.66,-4.87,-8.93,-10.65,-2.72,-12.79,2.22,1.88,9.415496884987817,1.3732419126547768,5.139704913029597,0.4264500381752967,-4.104595090375529,7.25,-73.6363973489695
2008-12-01,7.69,7.72,9.4,-16.319053854324483,40.12278136326488,130.55711498474497,19.46,13.34,10.89,13.84,5.47,4.06,-3.59,-7.61,-8.76,-1.38,-10.77,1.75,1.05,13.570059975026005,2.8423587759260016,6.7324755902802735,3.9259597146509506,-4.633402102820039,7.25,-80.23257644324211
2009-01-01,7.85,7.88,7.88,-20.927736678248323,77.52753947245034,60.427724322952244,21.04,14.55,11.47,13.91,5.5,5.59,-2.21,-5.46,-7.75,-0.47,-9.87,-0.79,0.19,12.932896656297999,10.560489920155725,7.991737184410397,5.174681844025386,-0.8288975818954825,7,9.78040618524254
2009-02-01,7.93,7.96,6.5,-24.266308110237844,36.33358788907613,113.29744388590525,20.66,14.21,11.4,13.95,5.55,7,-0.89,-3.21,-7.4,0.74,-9.77,-1.63,-0.48,20.32756665487252,-0.468674221619203,7.167797110778018,5.9806851734167665,-6.396781889893699,6.5,-25.00586344494815
2009-03-01,8.06,8.09,5,-1.9363302934418236,37.87420379674109,30.404864709292177,21.67,14.33,12.24,13.83,5.6,8.41,0.57,0.29,-4.49,4.21,-7.01,2.01,-0.8,20.519933230409038,0.06547359465667313,7.12758092828345,5.664630291651562,1.1911348193347493,6.25,-63.30806030274605
2009-04-01,8.08,8.1,3.62,-28.33659625760445,33.24218837281925,41.44773008206775,21.53,14.17,12.26,13.85,5.64,9.87,1.95,2.78,-1.16,6.32,-3.34,-1.21,-0.8,21.82294727969971,2.6978127025532928,7.835636883983277,5.462322137162445,-13.487478845657197,5.75,-90.97006438131557
2009-05-01,8.09,8.11,2.29,-7.076824723316388,38.22124491168726,76.93285814048699,21.56,14.21,12.29,13.85,5.69,11.3,3.32,5.14,2.09,8.27,0.27,-1.07,-0.49,25.043018651582116,6.287052709205732,8.98210033777005,7.001067045082365,-7.492349309812152,5.75,-68.54757882214422
2009-06-01,8.12,8.14,0.62,-5.2806914071211075,24.990591899630267,-6.555862806880253,21.93,14.19,12.6,13.82,5.73,13.12,5.08,6.31,3.1,8.72,1.44,-0.56,-0.03,23.696847834133017,7.49196928072422,10.279606468009561,9.247854703187919,-16.95371768312537,5.25,-46.606986362479574
2009-07-01,8.17,8.19,-0.3,-18.3243915121146,34.39316177703971,6.380233768948296,22.1,14.4,12.53,13.89,5.68,14.24,6,7.89,4.5,10.05,2.85,2.29,0.47,24.808396623850548,5.125757946406573,10.702262029184872,9.284205486762076,-19.65644634037389,4.75,-25.719133972082986
2009-08-01,8.25,8.27,-0.73,-23.554082420671474,29.581881384484277,-45.517277848485314,21.59,13.92,12.5,13.95,5.66,14.79,6.44,10.68,8.07,12.04,6.86,0.58,0.95,22.478434235767608,8.679216184161298,10.174943010644455,9.14120459700456,-20.86505440116433,4.75,-57.32498191436015
2009-09-01,8.3,8.33,0.03,-10.130967435544802,15.317649562941504,60.18180075702588,21.73,14.02,12.54,13.98,5.66,13.94,5.63,9.98,8.77,10.89,8.08,1.29,1.39,21.966735659187187,9.190282392514604,10.472813969780148,8.846743214256136,-14.891527033037466,4.5,-47.94896711652426
2009-10-01,8.34,8.36,-0.65,15.561032101474304,29.013272037669722,-48.65115296068075,21.9,14.2,12.51,13.93,5.66,14.68,6.36,11.48,13.74,11.21,14.38,2.46,1.86,15.853831074093883,7.187041413112105,8.990825854187001,7.617813090712033,-0.8215914116789236,4.5,47.49555297119201
2009-11-01,8.29,8.32,-0.61,14.979574643388549,-25.611310716501066,13.48755079872026,22.11,14.37,12.65,13.68,5.65,14.38,6.3,11.49,14.04,10.36,15.01,0.39,2.32,16.89575660698459,10.599950281066484,9.081593698423873,8.14826979813148,3.770457040491859,4.5,18.966578862417283
2009-12-01,8.31,8.34,-0.28,51.14455865880796,-18.147266030834164,215.1839376655258,22.52,14.33,12.97,13.57,5.61,13.89,5.91,11.38,13.13,9.49,14.09,3.72,2.71,15.54826133294469,8.394046574217917,8.573601465623604,6.7205358707708385,17.369853264045965,4.5,76.09382732698799
2010-01-01,8.36,8.38,1.43,36.57634049808096,-26.455416054052705,49.30837418342327,21.95,13.75,12.67,13.52,5.62,11.92,4.13,7.76,10.12,7.03,11.02,2.06,3.06,4.498413993166217,6.93279289733848,9.679996097628951,8.664318939305815,13.115043911878033,4.5,8.883167496112154
2010-02-01,8.14,8.16,2.48,26.806477818532848,-13.66343084049273,18.93232597114367,22.18,14.12,12.62,13.5,5.62,10.75,3.06,2.23,5.77,2.7,6.66,2.53,3.33,10.748212059335671,11.59524382571906,8.347182124153996,6.195869816655986,3.2173919098727133,4.5,13.910944316763185
2010-03-01,8.01,8.04,3.93,17.641264053966754,-9.248085279416518,168.0181965440207,22.38,14.49,12.6,13.48,5.62,9.19,1.63,-2.21,1.75,-1.15,2.58,4.4,3.38,10.354024179393129,10.971450098389646,7.6703472007926266,5.74913370535608,28.240135403040867,4.5,18.184707646371567
2010-04-01,7.99,8.02,3.75,13.306984232016816,-8.661447283677104,60.65748815137035,22.56,14.55,12.74,13.42,5.58,9.32,1.76,-2.52,0.46,-0.7,0.74,2.15,3.23,10.327088459026612,12.92052179465113,8.078231155995752,7.722120745878414,11.06761113503083,4.5,69.49350550436569
2010-05-01,7.99,8.01,3.51,13.570050107763887,-39.51576137089097,140.65156383671228,22.64,14.72,12.71,13.36,5.53,9.52,1.95,-2.66,-1.53,-0.8,-1.85,3.02,2.9,8.922358195582447,9.116143979912827,7.469450857568383,6.427117351378797,21.352953205292646,4.5,52.87175449871029
2010-06-01,8,8.02,4.07,-4.464271766514116,-44.96662821243085,-4.377482905370034,22.9,14.65,13.06,13.36,5.5,8.93,1.38,-4.34,-3.22,-1.72,-3.77,4.26,2.5,9.092620013966268,2.104550959177054,6.70507108303422,5.582136494003187,18.48910138042026,4.5,-28.658507221519258
2010-07-01,7.99,8.02,4.12,13.402243118091484,-15.881871233917177,-19.994035260676668,23.07,15.16,13.07,13.29,5.44,8.81,1.27,-4.82,-3.3,-1.63,-3.9,1.07,2.21,3.9751806134704637,9.316820059691544,6.547865229931027,5.140186376891975,11.292614051845984,4.5,-8.718664752619532
2010-08-01,8,8.03,4.1,21.90451849219275,-24.588810312634735,11.628556785838784,23.09,15.11,13.02,13.27,5.42,8.81,1.27,-5.77,-4.37,-2.05,-5.17,1.68,2.12,1.7636189702965765,6.440716475351493,7.352365772475089,6.084158391400685,11.842231968007333,4.5,30.165710963086845
2010-09-01,8.07,8.08,3.76,58.709537512542866,-0.5585046631634505,-163.84127225321262,23.32,15.29,13.04,13.27,5.42,9.17,1.6,-5.3,-3.61,-1.21,-4.42,2.68,2.29,1.687278730246966,4.381726505447503,8.2891156841157,7.665641923342292,10.027395124090788,4.5,17.452618865465297
2010-10-01,8.04,8.07,4.51,-4.596452178659005,-17.846715067573715,-41.56341312800653,23.28,15.3,13.1,13.21,5.41,8.33,0.87,-6.57,-4.24,-1.88,-5.03,1.88,2.66,6.327607862952966,7.670776216856368,8.881097871659449,8.047807486141068,5.323253222863755,4.5,-46.223939430108096
2010-11-01,7.99,8.02,5.26,51.97869871987946,11.601932473371246,-132.42612506995482,23.59,15.68,13.12,13.21,5.4,7.55,0.13,-7.4,-5.36,-3.14,-6.12,3.88,3.13,4.14475753194079,6.373809726728474,9.090996434236942,8.20650858603873,17.81913085424769,4.5,34.8263526892878
2010-12-01,7.96,7.99,5.39,39.16316148468133,1.3485244389678464,38.57653694094472,24.45,16.13,13.4,13.25,5.34,7.46,-0.05,-7.8,-6.14,-3.49,-7.03,3.91,3.57,1.1690342585287894,4.687132426313312,8.57539192861072,7.394641065392804,33.39231542517016,4.5,23.948516661325403
2011-01-01,7.94,7.96,4.9,27.02995374615078,-19.740498939137563,-15.352483230500535,21.55,14.43,11.69,13.28,5.35,7.99,0.43,-7.94,-6.56,-4.28,-7.28,4.21,3.84,8.681100964883548,9.236125015619834,8.876717233392917,7.165930380212515,13.107008241310147,4.5,37.23113200867347
2011-02-01,7.79,7.82,5.23,41.189658097703585,22.95946790290211,109.78174622235777,22.25,15.31,11.68,13.37,5.33,7.73,0.09,-7.05,-5.34,-3.99,-5.77,4.81,3.92,5.302359464685935,12.492084520704871,9.093510409252481,6.702827882779516,37.03546547774543,4.5,15.501844250042662
2011-03-01,7.69,7.72,5,46.879536675647685,25.04338185711621,-52.095223471162285,22.87,16.08,11.64,13.37,5.3,7.97,0.29,-6.1,-4.82,-3.75,-5.16,3,3.97,7.298246609421533,8.912980060116382,9.996786827035287,8.811961847427341,19.842311224972953,4.75,59.23765751753045
2011-04-01,7.6,7.63,5.76,55.424961614821555,13.768940277318631,-10.086931321432235,22.78,16.12,11.63,13.44,5.27,7.26,-0.46,-7.21,-5.5,-4.61,-5.79,4.38,4.14,10.233387825412521,7.075851159159718,9.965675108195349,7.712210090978466,28.168223196282316,4.75,-0.928962660666599
2011-05-01,7.65,7.67,6.39,60.9319967423331,44.06687433011442,-98.20432137070925,23.31,16.49,11.67,13.37,5.28,6.56,-1.05,-6.77,-4.07,-3.83,-4.15,4.44,4.44,10.83037422982045,9.626635048743104,11.597387992799035,11.522077762870886,17.38398176651952,4.75,51.1243291100036
2011-06-01,7.76,7.8,6.42,61.948960814359744,66.10168308645856,-130.885675214972,23.4,16.64,11.66,13.39,5.26,6.55,-1.09,-5.53,-2.56,-2.4,-2.61,4.7,4.84,5.641497581368959,12.500627849549772,10.305081228460011,8.841396301234816,15.70106028427487,4.75,28.15699847320614
2011-07-01,7.74,7.77,7.04,40.20227639171914,19.386902921872682,-29.704150821016874,23.82,17.06,11.64,13.37,5.24,5.91,-1.68,-6.2,-3.54,-3.52,-3.54,5.25,5.17,10.076846485914182,11.67810768698967,11.439501930440343,10.8628684223822,18.390066431917518,5,24.581915411411437
2011-08-01,7.81,7.84,7.63,51.24669864652209,44.72952298759232,-118.31904186353373,23.6,16.87,11.59,13.45,5.25,5.41,-2.21,-5.81,-3.96,-3.43,-4.13,6.02,5.25,10.74832822682179,13.589075463466216,10.865118220008263,10.105331721635125,30.80437382163792,5,38.965080432260194
2011-09-01,7.84,7.86,7.25,79.74204172730586,38.46202128323708,14.87271540111128,24.08,17.31,11.54,13.51,5.24,5.84,-1.87,-5.87,-5.62,-4.19,-6.07,5.93,4.98,11.941862781345769,11.69251719750104,10.357627921171542,9.180467556190841,29.746300205651277,5.5,48.25387395663654
2011-10-01,7.83,7.86,6.65,84.31878462941462,26.889485922712897,-101.46966976937651,24.67,17.56,12.09,13.53,5.24,6.45,-1.32,-5.52,-6.66,-4.32,-7.39,3.47,4.49,10.041193947449933,8.901314392241488,9.913268075995418,8.118912116299803,11.628225087370225,5.5,11.672951198062442
2011-11-01,7.8,7.83,6.05,30.00144739444415,36.15105617151939,112.1161158354723,23.02,16.59,11.39,13.55,5.25,7.07,-0.76,-4.84,-6.06,-3.42,-6.9,4.93,3.94,8.970389887598351,3.845207963596131,9.766170838438981,7.972277774478087,20.63548930838266,5.5,14.47719101845344
2011-12-01,7.79,7.81,6.2,14.119986182641586,39.71988613887869,32.21912226240988,23.81,17.03,11.81,13.57,5.18,6.94,-0.96,-5.17,-6.2,-3.5,-7.05,2.54,3.49,7.336746975477482,6.3825794749401865,9.558854424368768,7.335050687674283,7.730925220529716,5.5,-10.46148839457075
2012-01-01,7.8,7.82,5.44,-7.2527625585319555,19.740498939137563,45.22062892863676,23.02,16.77,11.2,13.56,5.2,7.71,-0.22,-4.15,-4.75,-2.88,-5.22,3.14,3.26,5.998571015426002,9.524700600102243,9.680977077323938,7.162603931703693,-2.7827421653575435,5.5,19.071121601688912
2012-02-01,7.77,7.79,5.17,1.5322193938811068,0.6877176213956115,-52.44596623793507,22.61,16.57,11.12,13.49,5.2,7.91,0.03,-2.46,-2.61,-1.24,-2.93,4.02,3.21,6.196937472788022,0.7300343256030573,8.830669629144516,7.170496771079193,-4.680013582414055,5.5,15.09513831494731
2012-03-01,7.71,7.74,4.55,-15.048965878903253,12.847832477313137,36.47866989137363,22.71,16.8,11.08,13.39,5.21,8.46,0.64,-1.55,-2.09,-0.4,-2.5,4.27,3.22,4.499289574797238,4.99377219055237,10.117428698234399,7.917731515537696,-1.7551882033420618,5.5,5.004132316198273
2012-04-01,7.74,7.76,4.27,-39.60548037518903,-5.545130453621416,56.61742247816184,22.5,16.68,11.05,13.41,5.23,8.76,0.92,-0.18,-1.75,0.57,-2.35,1.63,3.15,0.2726496241308496,5.614759472961417,9.36984989502303,7.000014918391351,-6.726987670998241,5.5,-3.353956469229047
2012-05-01,7.77,7.79,3.9,-41.70522830535796,1.6632400049141793,56.55415389633682,22.65,16.81,11.05,13.43,5.25,9.18,1.3,-0.56,-2.69,0.36,-3.51,3.66,3,-3.6335486992861377,1.6333560343007036,8.099853760859332,4.27208115148332,-2.100798317947561,5.5,-7.042280033210879
2012-06-01,7.84,7.86,3.47,-32.755729685902764,-1.7535994385953657,105.52092498966461,23.89,16.61,12.5,13.46,5.2,9.65,1.67,-0.84,-3.49,-0.25,-4.35,2.77,2.82,-1.5005783586518717,3.0912458736302995,8.152176739003458,4.294545138393957,-5.1569897938257725,5,11.380815503631236
2012-07-01,7.81,7.83,2.86,3.066399320224722,15.767080134516487,-31.500098707553683,23.98,16.75,12.45,13.51,5.34,10.35,2.41,-0.56,-3.12,-0.35,-3.85,2.5,2.69,0.5251883050577888,4.392545405880277,7.89926447943845,3.9652612060075754,-5.027810152546852,5,0.5148671873328681
2012-08-01,7.87,7.89,2.71,1.5984722020649045,7.199190346044881,108.13237662036568,24.66,17.29,12.53,13.49,5.34,10.49,2.56,-0.26,-2.25,-0.28,-2.73,2.92,2.75,1.7897230540018683,1.475122265459028,7.855595291117012,3.0408638705898383,-2.592914054263229,5,-8.9762309156173
2012-09-01,7.96,7.98,3.28,-28.132345583348073,-7.498815059336472,156.5893084486615,24.67,17.36,12.52,13.52,5.38,9.91,2.03,0.27,0.04,0.6,-0.01,2.11,2.99,5.340655819650841,4.963072552554593,8.77219563544358,4.982497994190105,-4.153493440888312,5,4.92483503652954
2012-10-01,7.86,7.88,3.35,-6.685455543950081,15.6950660390891,148.49475762917305,24.64,17.3,12.62,13.59,5.4,9.91,1.99,-0.78,-0.46,-0.31,-0.38,4.95,3.3,6.6408530675843735,5.456549049141657,9.356399966251061,5.666515520605664,0.013652809086739381,5,12.77478194238899
2012-11-01,7.86,7.88,3.11,-5.940870669060949,7.6744369215961505,49.84867123122751,24.65,17.39,12.59,13.55,5.41,10.12,2.23,-0.59,-0.16,-0.37,0.05,3.19,3.61,9.301085361085626,11.726988231792745,9.128880526780137,5.059126420498394,2.290033127873148,5,-10.758264383172289
2012-12-01,7.88,7.91,3.45,-51.95944048338919,3.184541564068555,-67.65576333273246,24.4,17.04,12.63,13.47,5.38,9.69,1.87,-0.51,0.4,-0.41,0.81,2.64,3.85,11.97511174125463,13.317184205885013,9.660561021487268,6.480299781728682,-15.842533696588745,5,21.505917817949616
2013-01-01,7.87,7.89,3.86,-38.18444759464552,32.7438670324399,-12.259334829134438,23.69,16.91,11.82,13.52,5.42,9.3,1.5,-1.28,-0.34,-0.44,-0.25,4.23,4.01,9.661115484582616,4.545805435468786,8.014795054124768,3.581727424598924,10.694485519894492,5,7.819585521689021
2013-02-01,7.81,7.84,4.18,-51.62645386939077,35.32422677641889,12.79896856234144,25.11,17.04,13.08,13.5,5.45,8.94,1.21,-1.58,-1.67,-1.03,-1.81,4.07,4,4.589401745850452,8.65282371396674,8.938312757021194,5.084203731595949,-7.721691757246774,5,18.714416345388507
2013-03-01,7.8,7.82,4.34,-51.3935882210462,10.786051695991095,34.256129629709875,24.56,16.59,13.04,13.5,5.46,8.78,1.07,-1.67,-1.49,-0.68,-1.68,0.61,3.91,4.352602763295721,6.747764659479749,8.472026767129037,5.251964770062401,-5.101324295809473,5,-5.621446246053541
2013-04-01,7.78,7.81,4.13,-3.673478958161258,26.260238805475744,7.171421842332837,25.17,17.09,13.12,13.53,5.45,9.03,1.27,-2.35,-1.67,-1.75,-1.59,6.38,3.81,5.899185478400781,13.666344120694163,9.571271024931427,7.943423951676287,1.5419806657702928,5.25,0.36673184866300446
2013-05-01,7.78,7.8,4.27,-9.618943516995238,16.73183902019062,85.16257005207154,25.05,17.11,13.09,13.59,5.44,8.94,1.12,-2.73,-1.61,-2.41,-1.31,4.11,3.68,8.734073244398921,14.518357363584755,9.435616859505203,7.065327478659178,10.233782017122817,5.25,6.979623389557066
2013-06-01,7.81,7.83,4.79,-10.106227792781741,-10.927285247774199,33.24691944891826,25.23,17.22,13.16,13.62,5.46,8.42,0.64,-3.29,-2.41,-3.1,-2.14,2.75,3.54,13.315894949130325,11.1518952417061,10.570359681113217,9.001396993653543,-2.8548968297442023,5.25,-2.4143266149756926
2013-07-01,7.81,7.83,4.74,-20.263181189795443,3.1610787358868464,95.69231349633749,24.69,17.31,12.55,13.62,5.45,8.48,0.68,-2.67,-2.2,-2.46,-2.06,3.87,3.42,10.781505025632931,9.119341555252802,9.74143559727736,7.784460208886479,5.500051751855661,5.25,18.995786384165392
2013-08-01,7.89,7.91,4.42,-21.36259805239229,13.512280957786205,17.83225946709006,24.48,17.17,12.53,13.62,5.47,8.82,1.01,-2.6,-2.17,-2.12,-2.12,3.52,3.28,11.564780947150766,8.673579951993382,9.940689535939029,8.131710687604077,-3.1208553705905473,5.25,-50.522547198396325
2013-09-01,7.93,7.95,4.21,-51.708534797914666,11.130133001653375,-85.32632254414101,24.66,17.36,12.49,13.63,5.5,9.04,1.24,-3.29,-3.31,-2.82,-3.4,3.94,3.11,8.9389104892458,7.753096320753805,9.614067636425716,8.431096316874509,-7.043120981720019,5.25,32.504779844485654
2013-10-01,7.95,7.97,4.15,-75.75732853070885,30.838369967116066,-41.11984468162646,24.15,16.96,12.5,13.66,5.47,9.13,1.26,-2,-1.78,-1.6,-1.77,3.28,2.99,5.659512655826049,9.173182311885064,9.811582241478334,7.759072891968266,4.615383007402762,5,5.589682544664498
2013-11-01,7.88,7.91,4.63,-68.62847822989045,20.800866372993944,-2.885476119756092,24.7,17.19,12.84,13.68,5.5,8.65,0.83,-2.96,-2.94,-2.7,-2.95,3.28,2.97,3.6372710116825857,8.25911731702007,9.381413959994944,6.682512394158202,-0.6578562793037257,5,24.373577277906833
2013-12-01,7.85,7.87,4.39,-30.18492327165614,23.694807422611987,-19.025522622809987,25.75,17.67,13.34,13.7,5.46,8.92,1.03,-3.15,-3.38,-3.05,-3.42,2.1,3.11,1.6294325010923316,4.112402568209994,8.161345260117159,4.288797544792722,0.24251254761802343,5,-25.850397208622677
2014-01-01,7.83,7.85,4.14,-8.512042149392984,-0.8842592477463551,6.579910051514393,24.62,17.39,12.18,13.78,6.06,9.26,1.84,-2.9,-3.12,-2.81,-3.27,3.79,3.44,4.322182108854022,8.331473726113181,8.241597585888094,6.729969226190136,0.8655980951608022,5,34.49145740857995
2014-02-01,7.75,7.77,3.5,-19.700187627500387,1.4770033927226311,-3.121501934792459,24.64,17.49,12.14,13.81,6.07,9.96,2.48,-3.16,-3.41,-3.45,-3.45,3.8,3.82,10.67953000184314,6.425998797933019,8.126654321700855,4.397964702094903,1.2112278938767318,5,-5.839629309849403
2014-03-01,7.72,7.74,3.25,11.130899738884192,13.076539850267554,-46.24103555942823,24.61,17.46,12.15,13.8,5.5,10.22,2.18,-2.69,-3.14,-4.08,-2.9,4.9,4.21,11.216193151318699,6.569571886191916,7.406542391333382,3.5295023415853777,5.371882002644313,4.75,19.388011135886973
2014-04-01,7.74,7.76,3.27,-13.556258884818106,20.61749994677342,-43.90102927523651,24.74,17.7,12.15,13.81,5.5,10.21,2.16,-1.87,-2.43,-3.42,-2.18,3.55,4.55,8.32136580312639,-1.3221039151002145,6.489630054799456,1.5482453826557219,5.558201445933797,4.75,-3.553631074314101
2014-05-01,7.72,7.75,3.22,-0.8237452852581484,5.173893151068443,-41.34097226427889,24.53,17.5,12.13,13.83,5.51,10.28,2.22,-1.72,-2.01,-3.35,-1.66,4.96,4.83,7.974544803363237,3.3002072195008836,7.9579805210906684,4.998554577115044,-1.9667963205192152,4.75,-10.21101195332852
2014-06-01,7.79,7.82,3.13,-14.152859601751011,8.825504775488735,-5.340661271825642,25.14,18.08,12.15,13.84,5.5,10.38,2.3,-1.17,-0.85,-2.49,-0.41,4.48,4.92,2.44606619924177,6.279977808836712,7.635809342417588,5.014306576104133,9.811901261557665,4.5,17.456282584981597
2014-07-01,7.76,7.79,3.41,-18.291741559305308,21.637485203649476,-26.318371275153176,25.08,18.14,12.1,13.87,5.46,10.11,1.98,-2,-1.43,-2.53,-1.15,5.24,4.72,6.234517618093882,6.887314523834576,7.793476335576877,5.257412429039832,13.621563412884896,4.5,-3.384200885190136
2014-08-01,7.79,7.81,3.7,3.880557442179544,6.060350003882498,41.06779782966976,25.07,18.18,12.12,13.74,5.46,9.68,1.7,-3.11,-2.74,-3.41,-2.59,3.58,4.41,7.28816935911567,5.619831724676061,8.149545562265459,6.134084925022343,8.298371775703828,4.5,50.46850243819421
2014-09-01,7.71,7.73,3.45,1.9826864138604794,20.7731272319323,97.85914568950184,25.12,18.31,12.07,13.73,5.48,9.94,1.96,-4.48,-4.62,-4.86,-4.59,4.13,4.25,8.57860670656656,8.424714602296213,8.064459904677612,5.001759168941078,18.838403917464497,4.5,-33.64639106078329
2014-10-01,7.63,7.65,3.64,-25.157139860224788,5.2719733637458965,128.11928121862874,25.54,18.8,12.09,13.73,5.49,9.74,1.79,-5.84,-6.79,-6.23,-7.01,4.33,4.39,10.045624410647136,4.88615399867296,7.783525574836325,5.342125309326029,14.1047722785836,4.5,-1.3155727093720593
2014-11-01,7.6,7.63,3.38,15.588603818032665,-0.28039273327342684,40.48453374034793,25.17,18.34,12.13,13.7,5.49,9.99,2.04,-5.44,-6.58,-5.65,-6.91,4.63,4.7,10.276614550882002,5.103750404032681,7.682729436081104,5.706448625804583,4.409434313532579,4,-2.994779161183825
2014-12-01,7.61,7.63,2.95,-4.699277300098448,2.317034253970851,51.52482132210299,25.42,18.46,12.17,13.64,5.46,10.39,2.44,-5.08,-7.3,-5.49,-7.9,5.84,4.87,10.591023590333748,7.205668200109905,8.133678796182764,6.862917495001852,10.825084836493204,4,0.9379210361148971
2015-01-01,7.63,7.65,2.32,21.528126110654977,0,-9.961215625956932,24.75,17.85,11.83,13.6,5.45,11.02,3.06,-4.92,-7.24,-5.53,-7.78,4.83,4.75,4.3593208400288574,9.9339563473956,10.14092873422765,9.723458224298653,5.1101751026336295,4,-87.36064925597358
2015-02-01,7.63,7.66,2.44,9.47986750617531,0,24.063927210514713,25.35,18.39,11.91,13.48,5.45,10.78,2.94,-3.88,-6.47,-4.39,-7.11,4.49,4.37,3.118956276249918,8.516678483983142,9.829913456575312,9.273369348170135,9.398916819168068,3.5,-36.11189475109189
2015-03-01,7.61,7.64,2.43,-1.9316208064057427,0,-73.49212812182398,24.94,17.93,11.87,13.37,5.45,10.69,2.95,-3.76,-6.97,-3.31,-8.09,4.74,3.93,8.71073785257277,11.330298040547504,10.4814739619421,10.530014654836428,-3.0669135696995475,3.5,-39.8047632836863
2015-04-01,7.69,7.72,2.58,3.8342594139761488,0,2.271036333845089,25.02,17.8,12.05,13.29,5.43,10.44,2.78,-3.27,-6.44,-2.91,-7.51,2.73,3.65,9.263015139993769,11.987235477630342,11.550647363101696,11.822549955538797,-2.6967441560802996,3.5,-22.990321237371614
2015-05-01,7.66,7.7,2.55,-2.6106655356036512,0,46.204213737058986,25.59,18.25,12.04,13.21,5.49,10.39,2.86,-3.28,-6.5,-3.02,-7.56,2.16,3.67,8.283888220721813,11.21616791764577,11.132675957189342,11.094971135073806,5.2781884777559185,3.5,-20.957014460447798
2015-06-01,7.63,7.66,2.39,1.471447035400253,0,28.322218569539537,25.08,17.77,12.04,13.15,5.49,10.51,3.03,-4.24,-7.82,-4.39,-8.86,4.51,4.05,13.559076144646731,12.469210130093344,11.824140310246278,13.690566045642072,2.12029922353949,3.25,-41.51379304388669
2015-07-01,7.63,7.66,2.32,5.986175497861179,0,86.04061902554214,25.83,18.48,11.98,13.12,5.48,10.55,3.09,-3.73,-8.23,-4.64,-9.33,4.76,4.64,10.070658934915855,10.030716076194324,11.425470042608232,12.432812506834878,1.7348120307395298,3.25,-9.998945078983912
2015-08-01,7.63,7.66,1.96,-18.162975462177755,0,-70.62306641808082,25.23,17.98,11.95,13.09,5.48,10.91,3.45,-3.74,-8.82,-5.01,-9.98,5.23,5.08,7.829765450986592,14.344118392001981,11.431020587803609,12.513940252094358,0.49078452675361817,3.25,-58.871101570987335
2015-09-01,7.67,7.7,1.88,-32.27041473784893,0,-37.24128734911098,25.17,17.99,11.91,13.13,5.49,11.05,3.55,-2.31,-7.19,-3.54,-8.3,4.8,5.06,3.807069617862169,7.8372972186082634,10.627165067170274,11.238045694610754,-8.119409654543919,3.25,-23.570905420014476
2015-10-01,7.66,7.69,2.23,-12.990322086926165,0,-79.52905968727539,25.27,18.15,11.9,13.12,5.49,10.65,3.19,-1.54,-5.54,-2.28,-6.54,4.39,4.54,3.806568656340481,7.493024117874469,10.455792044837509,10.827579871889803,-6.82815074164056,3,-36.82917466121695
2015-11-01,7.63,7.66,2.51,-29.857780020351356,0,-32.90294512251779,24.84,17.79,11.86,13.12,5.5,10.35,2.91,-1.67,-5.78,-2.79,-6.7,4.05,3.74,4.424936073503183,9.666051231284811,11.175793641355547,11.387200135925823,-6.498348824913069,3,-23.12660396409747
2015-12-01,7.6,7.63,3.07,11.49373974470378,0,-97.72334202986706,25.36,17.95,12.04,13.06,5.43,9.7,2.29,-2.39,-5.81,-3.29,-6.6,2.61,2.92,2.251446522406475,9.173606654143285,10.745051517877258,10.762442199900946,-12.350527803412348,3,-61.359633953020065
2016-01-01,7.63,7.67,4.38,-22.263592537746835,12.506936385729794,-3.9129007451293774,24.12,17.21,11.27,13.08,5.5,8.34,1.08,-2.79,-6.59,-3.76,-7.55,1.83,2.36,9.519526227207464,13.314688931221141,7.25450127213314,5.878701699653988,-5.313877767284403,3,-26.614270166886378
2016-02-01,7.65,7.68,4.27,-0.6789791754997943,11.110080037422954,-37.23351630908898,24.33,17.43,11.25,13.07,5.5,8.44,1.18,-2.87,-5.89,-3.42,-6.74,2.15,2.15,4.450501667806783,11.151732748902532,9.015205800415238,8.133122701313411,-4.956438765351301,3,-37.91197387498784
2016-03-01,7.7,7.73,4.26,-19.477537995521654,4.009876229832354,72.4344911443863,24.61,17.69,11.22,13.11,5.49,8.49,1.18,-2.15,-3.64,-3.08,-3.9,1.08,2.25,1.9437425710544076,9.085422863243231,9.06712173258466,8.224223723272672,-6.8246881150230365,3,-15.675080710467792
2016-04-01,7.71,7.75,4.09,6.9491189673419385,1.4266491869798337,-8.209201223016382,23.98,17.15,11.2,13.13,5.48,8.69,1.34,-2.55,-3.99,-3.71,-4.16,4.29,2.44,1.5697505777877652,6.469341391539274,7.909994211952842,6.5851591107074725,-0.043744532631073696,3,-1.673949787952722
2016-05-01,7.63,7.66,4.36,-19.90272104213444,3.2409824955906608,-41.93387751686242,24.94,17.18,12.22,13.15,5.48,8.43,1.08,-3.63,-5.69,-4.75,-6.07,4.17,2.52,4.377256759531711,10.527178825755712,8.04342441123449,6.8893904755563895,-8.466350946646184,3,-35.57887847693459
2016-06-01,7.62,7.66,4.43,-0.9533438988129639,23.999298644355527,-20.562911011665985,25.27,17.54,12.21,13.14,5.46,8.34,0.98,-3.39,-5.46,-4.72,-5.78,2.74,2.43,3.3932736104851813,4.967293060864897,6.8399136327771615,3.306097339588554,-1.4159528603634897,3,14.650927738776875
2016-07-01,7.58,7.61,4.62,10.603397304501083,-1.8536927770957057,-100.88498783065903,25.88,18.33,12.15,13.11,5.46,8.12,0.8,-4.29,-5.59,-5.47,-5.72,0.6,2.28,3.468253131228316,10.052878688722444,7.471324866686757,4.69879670779676,-13.347219125103305,3,-84.0562515263163
2016-08-01,7.52,7.55,4.74,4.463215402076859,21.901201372265877,45.187869830727756,25.54,18.02,12.12,13.1,5.47,7.98,0.7,-4.96,-5.37,-6.35,-5.15,2.66,2.23,5.484064892831952,9.43156873879225,6.978778097876415,4.321056009580637,1.154642667163408,3,18.255764249416018
2016-09-01,7.51,7.54,4.56,30.238272338806294,5.066585744678598,22.088226964347733,26.03,18.62,12.11,13.12,5.48,8.19,0.88,-5.06,-5.75,-6.83,-5.5,2.94,2.39,6.311488550725031,11.098838840864467,7.0484555849832375,4.378139699116446,2.545283446809865,3,19.68472928183216
2016-10-01,7.48,7.51,4.76,12.913191346503794,-11.748709010820324,-46.78837098108555,26.14,18.85,12.05,13.1,5.49,7.96,0.7,-5.31,-6.68,-7.82,-6.4,1.75,2.8,9.215886330182066,17.187388580209273,7.322495099801429,5.797597969251456,-15.152785980255334,3,2.8485261726588718
2016-11-01,7.49,7.52,4.67,11.885364746724436,18.545876191680975,3.4296333384471023,25.81,18.6,12.13,13.08,5.49,8.03,0.78,-4.61,-6.63,-7.24,-6.53,3.17,3.37,11.651897184227522,10.339948176329017,7.165050088548952,6.047011388280232,8.223140549090502,3,1.497939574237428
2016-12-01,7.49,7.52,4.23,-3.8602666162038,7.116184207664,83.09616823700327,25.22,18.05,12.13,13.03,5.44,8.44,1.16,-3.51,-5.84,-6.48,-5.74,4.7,3.93,9.744484985491297,9.976906177650058,7.532118453510073,6.549678771794198,18.094743719342343,3,46.92653753583444
2017-01-01,7.5,7.53,3.83,1.7606491158750792,20.513673823075116,-0.3142087672739713,24,17.47,11.14,13.05,5.45,8.88,1.56,-3.01,-5.2,-6.07,-5.01,5.19,4.29,17.159373111933007,11.62938741592452,9.0972232640258,9.578140053650586,5.291127226860937,3,49.70101557191447
2017-02-01,7.39,7.42,3.96,13.182671682764635,16.96035561396925,20.06591981036694,23.87,17.44,11.09,13.05,5.45,8.75,1.44,-4.56,-6.27,-7.46,-5.98,4.38,4.31,10.960376506749903,8.373242458902652,7.3096471250615025,6.201171458040022,11.186902925504505,3,27.582488396744154
2017-03-01,7.34,7.37,4,30.133912040024757,14.493026630583028,9.502925075358792,24.66,18.28,11.03,13.08,5.44,8.73,1.39,-6.16,-7.99,-8.58,-7.87,4.48,4.06,9.027324620268473,10.03214339368057,6.958989369276303,5.216276207604764,14.658894722619564,3,27.406836708307036
2017-04-01,7.32,7.35,4.09,2.220158007919615,-1.928390144070402,22.711778428042173,24.73,18.42,10.98,13.08,5.42,8.64,1.28,-6.83,-8.63,-9.02,-8.57,2.16,3.72,10.06176580935989,12.120538187750007,7.130972851516404,5.2230991486808875,3.53553183344113,3,29.924289485285716
2017-05-01,7.32,7.35,3.93,22.332948169709788,15.834132179381655,1.8909347026075274,24.47,18.39,10.97,13.04,5.41,8.76,1.42,-5.93,-7.01,-8.19,-6.7,2.34,3.52,12.749867789387359,12.095285696966407,7.623855921914746,6.952518469657676,6.462032407434304,3,-8.44046813010344
2017-06-01,7.32,7.35,4.36,18.872901636879202,11.882809040358788,-14.30073813292827,25.55,18.85,11.65,13.05,5.4,8.32,0.99,-6.44,-6.55,-8.19,-6.1,2.81,3.39,9.195146178175051,11.953854923286045,7.614924446328253,7.156931877291051,0.38917044725597094,3,-5.721857778672224
2017-07-01,7.28,7.32,5.22,7.68722081444313,27.231415001869543,70.56036166839274,26.07,19.59,11.6,13.06,5.37,7.45,0.14,-7.11,-6.82,-8.89,-6.22,3.99,3.21,12.579759864589057,11.11666760826644,7.8905976806549205,7.6514741541839015,7.039688973319436,3,51.66451849835667
2017-08-01,7.26,7.29,4.72,10.981486600720647,2.3874524519135853,20.00440069820244,26.38,20.04,11.56,13.06,5.35,7.97,0.6,-6.03,-5.54,-7.82,-4.87,3.17,2.91,11.62598061158615,6.93877502187501,8.108864415870087,7.42513156072242,0.21361523666296733,3,1.428229499600242
2017-09-01,7.29,7.32,4.36,16.115762738791606,-1.8917159132205263,-77.34643307737979,26.29,19.96,11.5,13.05,5.35,8.33,0.95,-4.91,-3.88,-6.63,-3.06,2.12,2.49,13.768999086451394,10.096644935593524,8.414025748635723,8.259234501429447,0.17935079836002288,3,-16.719180180889293
2017-10-01,7.32,7.36,4.2,45.36672099260417,19.68351200102534,-10.058965952957344,26.72,20.34,11.51,13.08,5.33,8.52,1.08,-4.1,-3.58,-5.34,-3.08,3.11,2.02,13.776858110314905,10.089325388498693,8.760633089825198,8.83758776683159,18.337882561490737,3,20.715068140818804
2017-11-01,7.31,7.35,4.69,14.667421806371728,7.61646931826041,-27.46559397487558,26.88,20.83,11.49,13.05,5.32,7.98,0.6,-4.66,-3.04,-5.63,-2.28,1.78,1.67,13.633305821436714,12.580975633905034,8.699012483530488,8.383704294239003,2.4983950432933,2.75,9.166457977686182
2017-12-01,7.32,7.36,5.68,-6.985382720091637,-2.2561811952281907,-45.40572308028956,26.02,20.15,11.42,13,5.28,6.93,-0.38,-5.49,-3.1,-5.91,-2.27,1.63,1.6,16.688775066411488,10.838956614032291,8.605229634394185,7.909342023593702,-9.374137510632341,2.75,36.61951586452048
2018-01-01,7.33,7.36,4.71,3.671566028024875,-15.45872895596756,4.9245630370927,26,20.3,11.15,13.07,5.27,7.98,0.53,-4.78,-1.47,-5.3,-0.17,1.89,1.88,6.28875247612708,7.011663128935375,8.495670088518992,8.188808986427176,0.04549590615328114,2.75,11.086000554563125
2018-02-01,7.34,7.38,4.15,-10.736919902614428,1.7593868401048596,-34.48891824520466,26.09,20.44,11.14,13.05,5.27,8.54,1.07,-2.43,0.66,-3.16,1.95,2.79,2.55,15.656241684470196,10.922793753557691,8.768666703175931,8.334264665453794,-1.465031817047624,2.75,19.90674887059356
2018-03-01,7.38,7.41,4.14,-9.82908079424627,0.38162783130175626,-21.66363828483746,26.07,20.54,11.12,13.01,5.25,8.52,1.06,-1.24,1.27,-2.15,2.43,2.99,3.45,17.33724168071813,9.925596695580374,8.713055159431704,8.627046832665108,-2.0073157951989273,2.75,-4.5206010898805715
2018-04-01,7.39,7.42,3.92,-4.781004349352269,5.937349348900156,-41.04293325833552,26.47,21.08,11.09,13.02,5.25,8.76,1.28,-0.42,1.71,-1.46,2.79,4.28,4.22,17.761829369533366,11.771683978276926,9.425363868136749,10.491490704833417,-0.33844559011564357,2.75,-1.5262514161968888
2018-05-01,7.43,7.46,4.09,5.195704940667678,7.328211854366007,-39.06115501603216,26.21,20.87,11.07,12.98,5.22,8.54,1.09,0.19,0.84,-1.02,1.48,4.51,4.56,15.259916586301436,4.126509815784907,8.42084336097475,7.3027367677001465,-2.1915286838450676,2.75,73.02934347955379
2018-06-01,7.47,7.5,3.79,-1.821966043630141,2.1927004310121845,-86.35771070697054,26.28,21.05,11.05,12.94,5.21,8.82,1.37,1.08,0.41,-0.37,0.7,4.13,4.42,15.752030349211843,9.013020871556776,8.5661901864583,7.37763825214337,0.641595121253058,2.75,40.00808451628046
2018-07-01,7.47,7.5,2.61,-20.432695909069665,-2.2972258603754625,-43.524099343232734,27.04,21.92,11.02,12.96,5.17,10.09,2.5,2.86,1.99,1.43,2.21,3.8,4.01,13.513582729934548,5.854765740547485,8.02516457640614,6.563518562974835,-0.7976997761417692,2.75,-17.566089389494444
2018-08-01,7.49,7.52,3.36,-15.271960553728015,7.245935462901532,-49.51415986932703,26.93,21.47,11.34,12.92,5.15,9.24,1.73,2.56,1.14,1.49,1.06,3.35,3.61,12.614872192302862,8.93043691828801,7.966208168678968,6.931027755953956,4.951723474868874,2.75,52.239396910261604
2018-09-01,7.65,7.68,4.55,-40.78890962266017,13.068808921943198,64.42455025905649,26.27,20.86,11.3,12.87,5.13,7.96,0.55,2.67,1.07,1.64,0.93,2.75,3.33,12.824988852821129,8.44745467827881,8.375042164214541,8.011330531080496,-0.011946717653543715,2.75,14.693221117758348
2018-10-01,7.71,7.74,4.34,-37.79071640445064,2.7107047079131696,-32.56950763609807,26.16,20.86,11.26,12.85,5.11,8.16,0.74,3.42,2.16,1.74,2.34,3.69,3.16,6.850169825426455,7.047735188414883,8.078561449480937,6.976276419288396,0.7719336577139302,2.75,27.402725371085435
2018-11-01,7.68,7.71,3.15,-41.559690703857164,-3.936276431046526,-32.61179206801739,26.86,21.66,11.24,12.81,5.09,9.37,1.88,4.04,2,1.73,2.13,3.57,3.12,3.5770020840631744,7.678146824286358,8.18091984499798,7.343485279046824,-1.7981120694613217,2.75,10.238210690356553
2018-12-01,7.71,7.75,2.31,-0.9519760340595873,12.035955522840824,0.7685427412443602,25.9,20.68,11.23,12.72,5.05,10.17,2.68,4.92,2.91,2.48,3.09,2.22,3.22,4.923394691003047,10.51176034867325,8.237567292510661,7.734961991744349,1.343353907917777,2.75,-51.698124541264704
2019-01-01,7.71,7.75,4.1,-15.214991523178156,25.19935166309284,-88.328832607053,25.63,20.64,10.67,12.74,5.05,8.29,0.91,2.71,0.6,0.05,0.85,3.54,3.44,12.116029180428889,10.735246010406918,10.970244636074789,12.244917463550387,-2.7203152763993543,2.75,-26.38338039724042
2019-02-01,7.71,7.75,4.46,8.513133396584482,1.177045559891532,-42.747323366140265,25.51,20.71,10.6,12.77,5.03,7.96,0.55,2.09,-0.4,-0.62,-0.26,4.19,3.72,4.996724233549976,6.601043513924765,8.517334620716888,8.567679350391622,-3.742549260600647,2.75,21.871295139530744
2019-03-01,7.67,7.71,4.17,-6.371895657486171,14.980754653351891,-5.690489628250006,25.85,21.21,10.55,12.79,5.02,8.27,0.81,1.67,-0.91,-0.89,-0.84,3.58,3.93,5.117899564651296,9.237527002649948,8.63465316517491,8.566597017411226,-0.07512442836183908,2.75,12.410200835793184
2019-04-01,7.62,7.66,4.75,-8.538641725605611,1.5927526696101424,3.601556430724173,25.75,21.34,10.49,12.75,5.01,7.63,0.25,0.41,-2.08,-1.76,-2.11,3.69,4.02,6.70480262685107,8.06239706595644,8.506587066587379,8.23797251520002,-2.749609371142281,2.75,25.14901448565814
2019-05-01,7.65,7.69,4.54,-1.678147696200405,-7.556574593479848,-14.772739009794478,27.17,21.25,12.03,12.74,5.1,7.85,0.54,0.31,-1.24,-1.16,-1.19,4.13,3.94,6.2281131411104695,9.536588327519269,9.45592219541318,10.639600211739086,-0.9028932728349481,2.75,-26.03728930825664
2019-06-01,7.68,7.72,4.8,-5.809037161278585,-1.5128881596300658,80.10718238366854,27.54,21.76,12.01,12.75,5.08,7.59,0.27,-0.23,-1.03,-1.49,-0.81,3.33,3.79,6.8752919878837915,10.905170701576772,9.721146146610415,10.855748582876323,4.884792074647848,2.75,-15.18320439885823
2019-07-01,7.66,7.69,4.37,1.0980502483444177,11.291091883238291,20.152796083826985,27.4,21.79,11.96,12.77,5.03,8.05,0.63,0.02,-0.84,-1.07,-0.68,3.79,3.59,8.573373437083553,12.807065469674761,10.046790682481621,11.318972541545413,2.1023282678034327,2.75,44.243550234437734
2019-08-01,7.65,7.69,3.01,-6.212514296223448,-4.140257887157617,49.6056093498658,27.89,22.42,11.92,12.79,5,9.49,1.93,0.91,-0.55,-0.19,-0.58,3.33,3.43,7.82775186317064,11.22790589626863,10.214443023133235,11.46216214656981,2.3764121946803662,2.75,-23.753385149705597
2019-09-01,7.69,7.73,1.8,16.829518721342307,-4.59821261431026,6.153342487528057,27.61,22.17,11.87,12.78,4.99,10.78,3.13,0.48,-1.04,-0.7,-1.06,4.43,3.54,8.152441691081869,11.163791913545928,10.347548523943928,11.63902436623907,4.656889029583411,2.75,-11.264877057919964
2019-10-01,7.74,7.77,2.17,-0.4301081899390713,5.1725611781756164,149.95479083606617,27.52,22.21,11.85,12.7,4.96,10.31,2.73,0,-1.04,-1.23,-0.91,3.68,3.92,11.800475077010475,9.409183435775681,10.838072099906881,12.389343516924356,2.018406564312425,2.75,-10.977412628569283
2019-11-01,7.68,7.72,2.92,9.14144323672641,-5.818861586009216,43.84385463186402,27.83,22.59,11.83,12.67,4.95,9.47,1.97,-0.77,-0.82,-1.34,-0.58,4.62,4.21,13.419001007294717,12.267416960898991,10.941167913115812,12.155026006417557,6.418954189829318,2.75,18.123183103191387
2019-12-01,7.67,7.7,3.41,-4.718276108206565,6.609011182899049,17.772284666630345,27.45,22.11,11.82,12.64,4.91,8.93,1.45,-1.64,-1.62,-2.09,-1.39,4.08,3.85,14.089787949037458,11.217621762921937,11.267386923641354,12.71630557123622,9.659318321813615,2.75,14.372764913347957
2020-01-01,7.67,7.71,1.78,25.405241601916906,-3.6752718687551145,56.74524953962221,28.31,23.09,11.73,12.65,4.87,10.68,3.03,0.16,0.32,-0.05,-0.27,4.58,2.34,24.68043296905673,26.521165480677134,16.933097706988853,22.50084585912262,16.54708664420994,2.75,23.612066333155646
2020-02-01,7.63,7.67,1.24,-0.14903132415584608,14.461771916853472,26.91991384932897,28.65,23.6,11.65,12.68,4.84,11.3,3.56,-0.04,-0.31,-0.19,-1.04,2.55,-0.3,15.283011179117345,15.904783412416812,11.285933454295716,12.354896265349424,14.322757832178823,2.75,-4.103619290483085
2020-03-01,7.67,7.71,1.77,-5.58716819609355,-2.8870433998243072,-12.640236783621361,27.77,22.66,11.6,12.64,4.82,10.68,3,-0.21,-2.25,-0.19,-3.53,-3.53,-3.54,14.745176348974987,13.866936293121057,11.384606999405023,12.928189928634382,-5.891166984126617,2,-43.80002476834619
2020-04-01,7.69,7.73,1.88,25.147677912142807,0.7346910623926561,20.4856553394829,29.34,22.96,13.5,12.62,4.74,10.54,2.81,-0.67,-3.79,-0.47,-5.43,-8.94,-6.28,11.51429136091231,12.641642318698132,11.400503454589561,13.715044259506826,-10.47194395957849,2,-157.2142209406437
2020-05-01,7.68,7.71,1.8,-7.009237682036851,-2.2971795615434054,31.31264859027958,30.61,24.27,13.48,12.66,4.73,10.66,2.88,-1.31,-3.78,-1.47,-5.12,-10.1,-7.49,14.314269349734232,19.564353911095722,10.491345379249495,12.07430929032185,-7.214666279717807,2,-93.93261444283753
2020-06-01,7.68,7.71,2.39,-11.747332917118758,4.309583015969842,-67.23079655264863,31,24.82,13.46,12.65,4.68,10.02,2.24,-1.73,-3.4,-2.31,-4.38,-7.6,-6.77,18.626672820294132,17.90144685290489,12.247873834500389,16.01127333477237,-22.12289723955756,1.75,-71.04583268583112
2020-07-01,7.68,7.71,2.88,-7.67625074485645,-1.2285166794577584,-53.1314004560671,31.71,25.88,13.43,12.46,4.6,9.31,1.67,-1.53,-3.4,-2.79,-4.24,-4.24,-4.51,16.59962385891678,16.55428742097218,13.505295478621981,18.740112744218962,-0.9411319191477752,1.75,-73.82102576043215
2020-08-01,7.69,7.72,4.19,-26.080441646575416,-6.667365256467761,-98.34734119813606,32.09,26.6,13.39,12.48,4.56,7.96,0.36,-2.3,-3.27,-4.3,-3.6,-1.08,-1.74,17.132040397815196,20.69123247902578,14.416906984889621,19.940517060975793,-6.444806842166706,1.75,-55.25984065202172
2020-09-01,7.74,7.78,4.97,-7.497265011507581,3.654328055653977,-66.8997198019341,31.69,26.73,13.33,12.48,4.51,7.16,-0.43,-2.78,-3.18,-4.5,-3.44,1.02,0.52,21.083906538001962,18.154909501653904,15.717548912346402,22.145906160093354,1.9536503014570883,1.75,-46.24200010356372
2020-10-01,7.76,7.8,5.34,11.842140146165603,-16.88934827790689,-94.41485708041739,33.07,28.18,13.42,12.33,4.46,6.63,-0.84,-3.64,-3.93,-4.92,-4.29,2.86,1.8,25.600677354442425,20.471602544649592,16.63238509177294,23.826678792632805,4.148859120373682,1.75,-39.96656817507889
2020-11-01,7.77,7.81,5.46,-27.781762748086702,-6.178486911117176,-163.79935460469676,32.37,27.64,13.41,12.32,4.42,6.5,-0.99,-3.02,-2.84,-4.41,-3.02,1.64,2.33,24.024034498993707,20.436385409381685,16.984537141801326,24.7399449336001,-3.609297437878567,1.75,-33.44508048381716
2020-12-01,7.78,7.82,4.82,-23.52954834946881,-11.463185965134937,0.299564494173854,31.17,26.29,13.47,12.33,4.35,7.16,-0.45,-1.89,-1.05,-3.28,-1.06,4.31,2.81,22.915548394325924,20.20860430863074,16.995034910779694,23.671805037540317,9.048003033953034,1.75,-4.361498283644405
2021-01-01,7.77,7.81,5.24,-22.571196130066753,-0.8664761003241317,32.3594747545366,29.93,25.63,12.09,12.34,4.32,6.75,-0.87,-2.42,-3.23,-3.26,-3.09,1.62,3.94,0.24418836089470375,11.173426815306797,8.962951032635935,10.842651686082228,-0.576027017314118,1.75,2.1962137178966223
2021-02-01,7.72,7.76,6,-7.588779177096772,-13.12663859936709,7.958182659244795,29.84,25.76,12.04,12.32,4.29,5.96,-1.61,-2.9,-3.6,-3.57,-3.49,2.81,6.12,23.6173667688508,20.876294207455715,17.04689162556363,23.637494497982026,-0.0969556019329687,1.75,-17.76767584904766
